record_type,year,arm_id,feature,transform_family,transform_type,original_cardinality,terminal_cardinality,cardinality_reduction,nmi_y_before,nmi_y_after,delta_nmi_y,nmi_a_before,nmi_a_after,delta_nmi_a,post_state,category,state,n,outcome_positive_count,outcome_prevalence
feature_summary,2022,D6_ARM_001,agep_a,Family_I,feature_drop,68.0,1.0,67.0,0.006364275236492504,0.0,-0.006364275236492504,0.0010014424082844854,0.0,-0.0010014424082844854,dropped_constant_equivalent,,,,,
category_state,2022,D6_ARM_001,agep_a,Family_I,feature_drop,,,,,,,,,,dropped_constant_equivalent,18.0,before,211.0,6.0,0.02843601895734597
category_state,2022,D6_ARM_001,agep_a,Family_I,feature_drop,,,,,,,,,,dropped_constant_equivalent,19.0,before,202.0,11.0,0.054455445544554455
category_state,2022,D6_ARM_001,agep_a,Family_I,feature_drop,,,,,,,,,,dropped_constant_equivalent,20.0,before,208.0,13.0,0.0625
category_state,2022,D6_ARM_001,agep_a,Family_I,feature_drop,,,,,,,,,,dropped_constant_equivalent,21.0,before,223.0,17.0,0.07623318385650224
category_state,2022,D6_ARM_001,agep_a,Family_I,feature_drop,,,,,,,,,,dropped_constant_equivalent,22.0,before,262.0,21.0,0.08015267175572519
category_state,2022,D6_ARM_001,agep_a,Family_I,feature_drop,,,,,,,,,,dropped_constant_equivalent,23.0,before,320.0,35.0,0.109375
category_state,2022,D6_ARM_001,agep_a,Family_I,feature_drop,,,,,,,,,,dropped_constant_equivalent,24.0,before,296.0,25.0,0.08445945945945946
category_state,2022,D6_ARM_001,agep_a,Family_I,feature_drop,,,,,,,,,,dropped_constant_equivalent,25.0,before,337.0,30.0,0.08902077151335312
category_state,2022,D6_ARM_001,agep_a,Family_I,feature_drop,,,,,,,,,,dropped_constant_equivalent,26.0,before,348.0,39.0,0.11206896551724138
category_state,2022,D6_ARM_001,agep_a,Family_I,feature_drop,,,,,,,,,,dropped_constant_equivalent,27.0,before,364.0,27.0,0.07417582417582418
category_state,2022,D6_ARM_001,agep_a,Family_I,feature_drop,,,,,,,,,,dropped_constant_equivalent,28.0,before,356.0,31.0,0.08707865168539326
category_state,2022,D6_ARM_001,agep_a,Family_I,feature_drop,,,,,,,,,,dropped_constant_equivalent,29.0,before,399.0,31.0,0.07769423558897243
category_state,2022,D6_ARM_001,agep_a,Family_I,feature_drop,,,,,,,,,,dropped_constant_equivalent,30.0,before,436.0,31.0,0.07110091743119266
category_state,2022,D6_ARM_001,agep_a,Family_I,feature_drop,,,,,,,,,,dropped_constant_equivalent,31.0,before,447.0,45.0,0.10067114093959731
category_state,2022,D6_ARM_001,agep_a,Family_I,feature_drop,,,,,,,,,,dropped_constant_equivalent,32.0,before,416.0,39.0,0.09375
category_state,2022,D6_ARM_001,agep_a,Family_I,feature_drop,,,,,,,,,,dropped_constant_equivalent,33.0,before,418.0,41.0,0.09808612440191387
category_state,2022,D6_ARM_001,agep_a,Family_I,feature_drop,,,,,,,,,,dropped_constant_equivalent,34.0,before,456.0,45.0,0.09868421052631579
category_state,2022,D6_ARM_001,agep_a,Family_I,feature_drop,,,,,,,,,,dropped_constant_equivalent,35.0,before,415.0,36.0,0.08674698795180723
category_state,2022,D6_ARM_001,agep_a,Family_I,feature_drop,,,,,,,,,,dropped_constant_equivalent,36.0,before,458.0,53.0,0.11572052401746726
category_state,2022,D6_ARM_001,agep_a,Family_I,feature_drop,,,,,,,,,,dropped_constant_equivalent,37.0,before,481.0,43.0,0.0893970893970894
category_state,2022,D6_ARM_001,agep_a,Family_I,feature_drop,,,,,,,,,,dropped_constant_equivalent,38.0,before,416.0,48.0,0.11538461538461539
category_state,2022,D6_ARM_001,agep_a,Family_I,feature_drop,,,,,,,,,,dropped_constant_equivalent,39.0,before,411.0,40.0,0.09732360097323602
category_state,2022,D6_ARM_001,agep_a,Family_I,feature_drop,,,,,,,,,,dropped_constant_equivalent,40.0,before,453.0,30.0,0.06622516556291391
category_state,2022,D6_ARM_001,agep_a,Family_I,feature_drop,,,,,,,,,,dropped_constant_equivalent,41.0,before,421.0,33.0,0.07838479809976247
category_state,2022,D6_ARM_001,agep_a,Family_I,feature_drop,,,,,,,,,,dropped_constant_equivalent,42.0,before,399.0,37.0,0.09273182957393483
category_state,2022,D6_ARM_001,agep_a,Family_I,feature_drop,,,,,,,,,,dropped_constant_equivalent,43.0,before,395.0,38.0,0.09620253164556962
category_state,2022,D6_ARM_001,agep_a,Family_I,feature_drop,,,,,,,,,,dropped_constant_equivalent,44.0,before,401.0,28.0,0.06982543640897755
category_state,2022,D6_ARM_001,agep_a,Family_I,feature_drop,,,,,,,,,,dropped_constant_equivalent,45.0,before,392.0,43.0,0.1096938775510204
category_state,2022,D6_ARM_001,agep_a,Family_I,feature_drop,,,,,,,,,,dropped_constant_equivalent,46.0,before,367.0,27.0,0.07356948228882834
category_state,2022,D6_ARM_001,agep_a,Family_I,feature_drop,,,,,,,,,,dropped_constant_equivalent,47.0,before,397.0,31.0,0.07808564231738035
category_state,2022,D6_ARM_001,agep_a,Family_I,feature_drop,,,,,,,,,,dropped_constant_equivalent,48.0,before,357.0,34.0,0.09523809523809523
category_state,2022,D6_ARM_001,agep_a,Family_I,feature_drop,,,,,,,,,,dropped_constant_equivalent,49.0,before,358.0,46.0,0.12849162011173185
category_state,2022,D6_ARM_001,agep_a,Family_I,feature_drop,,,,,,,,,,dropped_constant_equivalent,50.0,before,355.0,25.0,0.07042253521126761
category_state,2022,D6_ARM_001,agep_a,Family_I,feature_drop,,,,,,,,,,dropped_constant_equivalent,51.0,before,429.0,34.0,0.07925407925407925
category_state,2022,D6_ARM_001,agep_a,Family_I,feature_drop,,,,,,,,,,dropped_constant_equivalent,52.0,before,420.0,28.0,0.06666666666666667
category_state,2022,D6_ARM_001,agep_a,Family_I,feature_drop,,,,,,,,,,dropped_constant_equivalent,53.0,before,389.0,28.0,0.07197943444730077
category_state,2022,D6_ARM_001,agep_a,Family_I,feature_drop,,,,,,,,,,dropped_constant_equivalent,54.0,before,425.0,26.0,0.0611764705882353
category_state,2022,D6_ARM_001,agep_a,Family_I,feature_drop,,,,,,,,,,dropped_constant_equivalent,55.0,before,400.0,36.0,0.09
category_state,2022,D6_ARM_001,agep_a,Family_I,feature_drop,,,,,,,,,,dropped_constant_equivalent,56.0,before,415.0,30.0,0.07228915662650602
category_state,2022,D6_ARM_001,agep_a,Family_I,feature_drop,,,,,,,,,,dropped_constant_equivalent,57.0,before,495.0,40.0,0.08080808080808081
category_state,2022,D6_ARM_001,agep_a,Family_I,feature_drop,,,,,,,,,,dropped_constant_equivalent,58.0,before,493.0,40.0,0.08113590263691683
category_state,2022,D6_ARM_001,agep_a,Family_I,feature_drop,,,,,,,,,,dropped_constant_equivalent,59.0,before,456.0,39.0,0.08552631578947369
category_state,2022,D6_ARM_001,agep_a,Family_I,feature_drop,,,,,,,,,,dropped_constant_equivalent,60.0,before,506.0,34.0,0.06719367588932806
category_state,2022,D6_ARM_001,agep_a,Family_I,feature_drop,,,,,,,,,,dropped_constant_equivalent,61.0,before,510.0,33.0,0.06470588235294118
category_state,2022,D6_ARM_001,agep_a,Family_I,feature_drop,,,,,,,,,,dropped_constant_equivalent,62.0,before,546.0,36.0,0.06593406593406594
category_state,2022,D6_ARM_001,agep_a,Family_I,feature_drop,,,,,,,,,,dropped_constant_equivalent,63.0,before,524.0,33.0,0.06297709923664122
category_state,2022,D6_ARM_001,agep_a,Family_I,feature_drop,,,,,,,,,,dropped_constant_equivalent,64.0,before,555.0,35.0,0.06306306306306306
category_state,2022,D6_ARM_001,agep_a,Family_I,feature_drop,,,,,,,,,,dropped_constant_equivalent,65.0,before,495.0,26.0,0.052525252525252523
category_state,2022,D6_ARM_001,agep_a,Family_I,feature_drop,,,,,,,,,,dropped_constant_equivalent,66.0,before,547.0,17.0,0.031078610603290677
category_state,2022,D6_ARM_001,agep_a,Family_I,feature_drop,,,,,,,,,,dropped_constant_equivalent,67.0,before,555.0,17.0,0.03063063063063063
category_state,2022,D6_ARM_001,agep_a,Family_I,feature_drop,,,,,,,,,,dropped_constant_equivalent,68.0,before,552.0,24.0,0.043478260869565216
category_state,2022,D6_ARM_001,agep_a,Family_I,feature_drop,,,,,,,,,,dropped_constant_equivalent,69.0,before,505.0,16.0,0.031683168316831684
category_state,2022,D6_ARM_001,agep_a,Family_I,feature_drop,,,,,,,,,,dropped_constant_equivalent,70.0,before,485.0,17.0,0.03505154639175258
category_state,2022,D6_ARM_001,agep_a,Family_I,feature_drop,,,,,,,,,,dropped_constant_equivalent,71.0,before,483.0,14.0,0.028985507246376812
category_state,2022,D6_ARM_001,agep_a,Family_I,feature_drop,,,,,,,,,,dropped_constant_equivalent,72.0,before,483.0,9.0,0.018633540372670808
category_state,2022,D6_ARM_001,agep_a,Family_I,feature_drop,,,,,,,,,,dropped_constant_equivalent,73.0,before,438.0,11.0,0.02511415525114155
category_state,2022,D6_ARM_001,agep_a,Family_I,feature_drop,,,,,,,,,,dropped_constant_equivalent,74.0,before,443.0,13.0,0.029345372460496615
category_state,2022,D6_ARM_001,agep_a,Family_I,feature_drop,,,,,,,,,,dropped_constant_equivalent,75.0,before,431.0,6.0,0.013921113689095127
category_state,2022,D6_ARM_001,agep_a,Family_I,feature_drop,,,,,,,,,,dropped_constant_equivalent,76.0,before,302.0,6.0,0.019867549668874173
category_state,2022,D6_ARM_001,agep_a,Family_I,feature_drop,,,,,,,,,,dropped_constant_equivalent,77.0,before,321.0,8.0,0.024922118380062305
category_state,2022,D6_ARM_001,agep_a,Family_I,feature_drop,,,,,,,,,,dropped_constant_equivalent,78.0,before,294.0,4.0,0.013605442176870748
category_state,2022,D6_ARM_001,agep_a,Family_I,feature_drop,,,,,,,,,,dropped_constant_equivalent,79.0,before,299.0,7.0,0.023411371237458192
category_state,2022,D6_ARM_001,agep_a,Family_I,feature_drop,,,,,,,,,,dropped_constant_equivalent,80.0,before,265.0,4.0,0.01509433962264151
category_state,2022,D6_ARM_001,agep_a,Family_I,feature_drop,,,,,,,,,,dropped_constant_equivalent,81.0,before,215.0,4.0,0.018604651162790697
category_state,2022,D6_ARM_001,agep_a,Family_I,feature_drop,,,,,,,,,,dropped_constant_equivalent,82.0,before,231.0,2.0,0.008658008658008658
category_state,2022,D6_ARM_001,agep_a,Family_I,feature_drop,,,,,,,,,,dropped_constant_equivalent,83.0,before,195.0,3.0,0.015384615384615385
category_state,2022,D6_ARM_001,agep_a,Family_I,feature_drop,,,,,,,,,,dropped_constant_equivalent,84.0,before,186.0,2.0,0.010752688172043012
category_state,2022,D6_ARM_001,agep_a,Family_I,feature_drop,,,,,,,,,,dropped_constant_equivalent,85.0,before,987.0,8.0,0.008105369807497468
category_state,2022,D6_ARM_001,agep_a,Family_I,feature_drop,,,,,,,,,,dropped_constant_equivalent,dropped_constant_equivalent,after,27450.0,1769.0,0.06444444444444444
feature_summary,2022,D6_ARM_001,asev_a,Family_I,categorical_merge,3.0,2.0,1.0,0.0032670393763732613,0.0005120476190559055,-0.002754991757317356,0.001749362677907545,0.0001394347013580406,-0.0016099279765495044,merged_categories,,,,,
category_state,2022,D6_ARM_001,asev_a,Family_I,categorical_merge,,,,,,,,,,merged_categories,-1,before,26.0,0.0,0.0
category_state,2022,D6_ARM_001,asev_a,Family_I,categorical_merge,,,,,,,,,,merged_categories,1,before,3869.0,360.0,0.09304729904368053
category_state,2022,D6_ARM_001,asev_a,Family_I,categorical_merge,,,,,,,,,,merged_categories,2,before,23555.0,1409.0,0.05981744852472936
category_state,2022,D6_ARM_001,asev_a,Family_I,categorical_merge,,,,,,,,,,merged_categories,-1,after,26.0,0.0,0.0
category_state,2022,D6_ARM_001,asev_a,Family_I,categorical_merge,,,,,,,,,,merged_categories,2,after,27424.0,1769.0,0.06450554259043174
feature_summary,2022,D6_ARM_001,diff_a,Family_I,categorical_merge,5.0,4.0,1.0,0.0023086631832634863,0.0018859897474356275,-0.00042267343582785876,0.004726729785088355,0.002044611763102557,-0.0026821180219857984,merged_categories,,,,,
category_state,2022,D6_ARM_001,diff_a,Family_I,categorical_merge,,,,,,,,,,merged_categories,-1,before,4.0,0.0,0.0
category_state,2022,D6_ARM_001,diff_a,Family_I,categorical_merge,,,,,,,,,,merged_categories,1,before,21427.0,1253.0,0.05847762169225743
category_state,2022,D6_ARM_001,diff_a,Family_I,categorical_merge,,,,,,,,,,merged_categories,2,before,4295.0,354.0,0.08242142025611175
category_state,2022,D6_ARM_001,diff_a,Family_I,categorical_merge,,,,,,,,,,merged_categories,3,before,1425.0,140.0,0.09824561403508772
category_state,2022,D6_ARM_001,diff_a,Family_I,categorical_merge,,,,,,,,,,merged_categories,4,before,299.0,22.0,0.07357859531772576
category_state,2022,D6_ARM_001,diff_a,Family_I,categorical_merge,,,,,,,,,,merged_categories,-1,after,4.0,0.0,0.0
category_state,2022,D6_ARM_001,diff_a,Family_I,categorical_merge,,,,,,,,,,merged_categories,1,after,25722.0,1607.0,0.06247570173392427
category_state,2022,D6_ARM_001,diff_a,Family_I,categorical_merge,,,,,,,,,,merged_categories,3,after,1425.0,140.0,0.09824561403508772
category_state,2022,D6_ARM_001,diff_a,Family_I,categorical_merge,,,,,,,,,,merged_categories,4,after,299.0,22.0,0.07357859531772576
feature_summary,2022,D6_ARM_001,empwrkft1_a,Family_I,categorical_merge,4.0,2.0,2.0,0.0015659336927757606,0.0002600326547852888,-0.0013059010379904718,0.012997091706889015,9.750703210849583e-05,-0.012899584674780518,merged_categories,,,,,
category_state,2022,D6_ARM_001,empwrkft1_a,Family_I,categorical_merge,,,,,,,,,,merged_categories,-2,before,1019.0,79.0,0.0775269872423945
category_state,2022,D6_ARM_001,empwrkft1_a,Family_I,categorical_merge,,,,,,,,,,merged_categories,-1,before,11098.0,569.0,0.05127049918904307
category_state,2022,D6_ARM_001,empwrkft1_a,Family_I,categorical_merge,,,,,,,,,,merged_categories,1,before,12377.0,888.0,0.07174598044760443
category_state,2022,D6_ARM_001,empwrkft1_a,Family_I,categorical_merge,,,,,,,,,,merged_categories,2,before,2956.0,233.0,0.07882273342354533
category_state,2022,D6_ARM_001,empwrkft1_a,Family_I,categorical_merge,,,,,,,,,,merged_categories,-2,after,1019.0,79.0,0.0775269872423945
category_state,2022,D6_ARM_001,empwrkft1_a,Family_I,categorical_merge,,,,,,,,,,merged_categories,1,after,26431.0,1690.0,0.06394007037191177
feature_summary,2022,D6_ARM_001,empwrklsw1_a,Family_I,categorical_merge,3.0,2.0,1.0,0.0019153419763390514,0.0002420528714004773,-0.001673289104938574,0.007947650715025073,8.803760181462572e-05,-0.007859613113210448,merged_categories,,,,,
category_state,2022,D6_ARM_001,empwrklsw1_a,Family_I,categorical_merge,,,,,,,,,,merged_categories,-1,before,998.0,77.0,0.07715430861723446
category_state,2022,D6_ARM_001,empwrklsw1_a,Family_I,categorical_merge,,,,,,,,,,merged_categories,1,before,15354.0,1123.0,0.07314054969389085
category_state,2022,D6_ARM_001,empwrklsw1_a,Family_I,categorical_merge,,,,,,,,,,merged_categories,2,before,11098.0,569.0,0.05127049918904307
category_state,2022,D6_ARM_001,empwrklsw1_a,Family_I,categorical_merge,,,,,,,,,,merged_categories,-1,after,998.0,77.0,0.07715430861723446
category_state,2022,D6_ARM_001,empwrklsw1_a,Family_I,categorical_merge,,,,,,,,,,merged_categories,1,after,26452.0,1692.0,0.0639649175865719
feature_summary,2022,D6_ARM_001,hearingdf_a,Family_I,categorical_merge,5.0,4.0,1.0,0.0010139006771215072,0.001830850088802904,0.0008169494116813968,0.0033951909567151266,0.001136820566198081,-0.0022583703905170458,merged_categories,,,,,
category_state,2022,D6_ARM_001,hearingdf_a,Family_I,categorical_merge,,,,,,,,,,merged_categories,-1,before,8.0,0.0,0.0
category_state,2022,D6_ARM_001,hearingdf_a,Family_I,categorical_merge,,,,,,,,,,merged_categories,1,before,22596.0,1405.0,0.06217914675163746
category_state,2022,D6_ARM_001,hearingdf_a,Family_I,categorical_merge,,,,,,,,,,merged_categories,2,before,4367.0,310.0,0.07098694756125487
category_state,2022,D6_ARM_001,hearingdf_a,Family_I,categorical_merge,,,,,,,,,,merged_categories,3,before,454.0,51.0,0.11233480176211454
category_state,2022,D6_ARM_001,hearingdf_a,Family_I,categorical_merge,,,,,,,,,,merged_categories,4,before,25.0,3.0,0.12
category_state,2022,D6_ARM_001,hearingdf_a,Family_I,categorical_merge,,,,,,,,,,merged_categories,-1,after,8.0,0.0,0.0
category_state,2022,D6_ARM_001,hearingdf_a,Family_I,categorical_merge,,,,,,,,,,merged_categories,2,after,26963.0,1715.0,0.06360568186032711
category_state,2022,D6_ARM_001,hearingdf_a,Family_I,categorical_merge,,,,,,,,,,merged_categories,3,after,454.0,51.0,0.11233480176211454
category_state,2022,D6_ARM_001,hearingdf_a,Family_I,categorical_merge,,,,,,,,,,merged_categories,4,after,25.0,3.0,0.12
feature_summary,2022,D6_ARM_001,notcov_a,Family_I,categorical_merge,3.0,2.0,1.0,0.06340410500032882,0.00012073276136312543,-0.0632833722389657,0.003152749995214862,9.326327711993375e-05,-0.0030594867180949283,merged_categories,,,,,
category_state,2022,D6_ARM_001,notcov_a,Family_I,categorical_merge,,,,,,,,,,merged_categories,-1,before,75.0,3.0,0.04
category_state,2022,D6_ARM_001,notcov_a,Family_I,categorical_merge,,,,,,,,,,merged_categories,1,before,2065.0,541.0,0.2619854721549637
category_state,2022,D6_ARM_001,notcov_a,Family_I,categorical_merge,,,,,,,,,,merged_categories,2,before,25310.0,1225.0,0.04839984195969972
category_state,2022,D6_ARM_001,notcov_a,Family_I,categorical_merge,,,,,,,,,,merged_categories,-1,after,75.0,3.0,0.04
category_state,2022,D6_ARM_001,notcov_a,Family_I,categorical_merge,,,,,,,,,,merged_categories,1,after,27375.0,1766.0,0.06451141552511415
feature_summary,2022,D6_ARM_001,usualpl_a,Family_I,categorical_merge,4.0,3.0,1.0,0.016936937703316925,0.0012259848859143088,-0.015710952817402615,0.00854578889416374,0.0003429290546870181,-0.008202859839476722,merged_categories,,,,,
category_state,2022,D6_ARM_001,usualpl_a,Family_I,categorical_merge,,,,,,,,,,merged_categories,-1,before,16.0,1.0,0.0625
category_state,2022,D6_ARM_001,usualpl_a,Family_I,categorical_merge,,,,,,,,,,merged_categories,1,before,24381.0,1326.0,0.05438661252614741
category_state,2022,D6_ARM_001,usualpl_a,Family_I,categorical_merge,,,,,,,,,,merged_categories,2,before,2518.0,387.0,0.15369340746624305
category_state,2022,D6_ARM_001,usualpl_a,Family_I,categorical_merge,,,,,,,,,,merged_categories,3,before,535.0,55.0,0.102803738317757
category_state,2022,D6_ARM_001,usualpl_a,Family_I,categorical_merge,,,,,,,,,,merged_categories,-1,after,16.0,1.0,0.0625
category_state,2022,D6_ARM_001,usualpl_a,Family_I,categorical_merge,,,,,,,,,,merged_categories,2,after,26899.0,1713.0,0.06368266478307744
category_state,2022,D6_ARM_001,usualpl_a,Family_I,categorical_merge,,,,,,,,,,merged_categories,3,after,535.0,55.0,0.102803738317757
feature_summary,2022,D6_ARM_002,asev_a,Family_I,categorical_merge,3.0,2.0,1.0,0.0033082869576461747,0.000512071289794447,-0.002796215667851728,0.002357720617646375,0.0002825846488228708,-0.002075135968823504,merged_categories,,,,,
category_state,2022,D6_ARM_002,asev_a,Family_I,categorical_merge,,,,,,,,,,merged_categories,-1,before,26.0,0.0,0.0
category_state,2022,D6_ARM_002,asev_a,Family_I,categorical_merge,,,,,,,,,,merged_categories,1,before,3870.0,361.0,0.09328165374677003
category_state,2022,D6_ARM_002,asev_a,Family_I,categorical_merge,,,,,,,,,,merged_categories,2,before,23557.0,1409.0,0.059812369996179476
category_state,2022,D6_ARM_002,asev_a,Family_I,categorical_merge,,,,,,,,,,merged_categories,-1,after,26.0,0.0,0.0
category_state,2022,D6_ARM_002,asev_a,Family_I,categorical_merge,,,,,,,,,,merged_categories,2,after,27427.0,1770.0,0.06453494731468991
feature_summary,2022,D6_ARM_002,empwrkft1_a,Family_I,categorical_merge,4.0,3.0,1.0,0.0015759431109562173,0.0007370430754711134,-0.000838900035485104,0.007779057517657865,0.002604456245567201,-0.005174601272090664,merged_categories,,,,,
category_state,2022,D6_ARM_002,empwrkft1_a,Family_I,categorical_merge,,,,,,,,,,merged_categories,-2,before,1019.0,79.0,0.0775269872423945
category_state,2022,D6_ARM_002,empwrkft1_a,Family_I,categorical_merge,,,,,,,,,,merged_categories,-1,before,11098.0,569.0,0.05127049918904307
category_state,2022,D6_ARM_002,empwrkft1_a,Family_I,categorical_merge,,,,,,,,,,merged_categories,1,before,12379.0,888.0,0.071734388884401
category_state,2022,D6_ARM_002,empwrkft1_a,Family_I,categorical_merge,,,,,,,,,,merged_categories,2,before,2957.0,234.0,0.07913425769360839
category_state,2022,D6_ARM_002,empwrkft1_a,Family_I,categorical_merge,,,,,,,,,,merged_categories,-2,after,1019.0,79.0,0.0775269872423945
category_state,2022,D6_ARM_002,empwrkft1_a,Family_I,categorical_merge,,,,,,,,,,merged_categories,1,after,23477.0,1457.0,0.06206074029901606
category_state,2022,D6_ARM_002,empwrkft1_a,Family_I,categorical_merge,,,,,,,,,,merged_categories,2,after,2957.0,234.0,0.07913425769360839
feature_summary,2022,D6_ARM_002,empwrklsw1_a,Family_I,categorical_merge,3.0,2.0,1.0,0.0019225236524708447,0.00024080038821170253,-0.0016817232642591421,0.00873109608668552,0.002487227037198378,-0.006243869049487143,merged_categories,,,,,
category_state,2022,D6_ARM_002,empwrklsw1_a,Family_I,categorical_merge,,,,,,,,,,merged_categories,-1,before,998.0,77.0,0.07715430861723446
category_state,2022,D6_ARM_002,empwrklsw1_a,Family_I,categorical_merge,,,,,,,,,,merged_categories,1,before,15357.0,1124.0,0.07319137852445139
category_state,2022,D6_ARM_002,empwrklsw1_a,Family_I,categorical_merge,,,,,,,,,,merged_categories,2,before,11098.0,569.0,0.05127049918904307
category_state,2022,D6_ARM_002,empwrklsw1_a,Family_I,categorical_merge,,,,,,,,,,merged_categories,-1,after,998.0,77.0,0.07715430861723446
category_state,2022,D6_ARM_002,empwrklsw1_a,Family_I,categorical_merge,,,,,,,,,,merged_categories,1,after,26455.0,1693.0,0.06399546399546399
feature_summary,2022,D6_ARM_002,hypev_a,Family_I,categorical_merge,3.0,2.0,1.0,0.0005343385402525147,1.4325130626227382e-06,-0.0005329060271898919,0.01131094377607427,0.00032191455112217765,-0.010989029224952093,merged_categories,,,,,
category_state,2022,D6_ARM_002,hypev_a,Family_I,categorical_merge,,,,,,,,,,merged_categories,-1,before,44.0,3.0,0.06818181818181818
category_state,2022,D6_ARM_002,hypev_a,Family_I,categorical_merge,,,,,,,,,,merged_categories,1,before,10082.0,579.0,0.057429081531442175
category_state,2022,D6_ARM_002,hypev_a,Family_I,categorical_merge,,,,,,,,,,merged_categories,2,before,17327.0,1188.0,0.06856351359150459
category_state,2022,D6_ARM_002,hypev_a,Family_I,categorical_merge,,,,,,,,,,merged_categories,-1,after,44.0,3.0,0.06818181818181818
category_state,2022,D6_ARM_002,hypev_a,Family_I,categorical_merge,,,,,,,,,,merged_categories,1,after,27409.0,1767.0,0.06446787551534168
feature_summary,2022,D6_ARM_002,notcov_a,Family_I,categorical_merge,3.0,2.0,1.0,0.06335536262878179,0.00012093658037976504,-0.06323442604840203,0.028625389620076304,0.0004265784384419724,-0.02819881118163433,merged_categories,,,,,
category_state,2022,D6_ARM_002,notcov_a,Family_I,categorical_merge,,,,,,,,,,merged_categories,-1,before,75.0,3.0,0.04
category_state,2022,D6_ARM_002,notcov_a,Family_I,categorical_merge,,,,,,,,,,merged_categories,1,before,2065.0,541.0,0.2619854721549637
category_state,2022,D6_ARM_002,notcov_a,Family_I,categorical_merge,,,,,,,,,,merged_categories,2,before,25313.0,1226.0,0.048433611187927154
category_state,2022,D6_ARM_002,notcov_a,Family_I,categorical_merge,,,,,,,,,,merged_categories,-1,after,75.0,3.0,0.04
category_state,2022,D6_ARM_002,notcov_a,Family_I,categorical_merge,,,,,,,,,,merged_categories,2,after,27378.0,1767.0,0.06454087223317992
feature_summary,2022,D6_ARM_002,pcnt18uptc,Family_I,feature_drop,3.0,1.0,2.0,0.0006578117783156987,0.0,-0.0006578117783156987,0.01910336428481478,0.0,-0.01910336428481478,dropped_constant_equivalent,,,,,
category_state,2022,D6_ARM_002,pcnt18uptc,Family_I,feature_drop,,,,,,,,,,dropped_constant_equivalent,1.0,before,9853.0,706.0,0.0716533035623668
category_state,2022,D6_ARM_002,pcnt18uptc,Family_I,feature_drop,,,,,,,,,,dropped_constant_equivalent,2.0,before,13578.0,754.0,0.05553100603918103
category_state,2022,D6_ARM_002,pcnt18uptc,Family_I,feature_drop,,,,,,,,,,dropped_constant_equivalent,3.0,before,4022.0,310.0,0.07707608155146693
category_state,2022,D6_ARM_002,pcnt18uptc,Family_I,feature_drop,,,,,,,,,,dropped_constant_equivalent,dropped_constant_equivalent,after,27453.0,1770.0,0.06447382799694022
feature_summary,2022,D6_ARM_002,region,Family_I,feature_drop,4.0,1.0,3.0,0.0014000587893364036,0.0,-0.0014000587893364036,0.04130501512843577,0.0,-0.04130501512843577,dropped_constant_equivalent,,,,,
category_state,2022,D6_ARM_002,region,Family_I,feature_drop,,,,,,,,,,dropped_constant_equivalent,1,before,4563.0,210.0,0.04602235371466141
category_state,2022,D6_ARM_002,region,Family_I,feature_drop,,,,,,,,,,dropped_constant_equivalent,2,before,5990.0,338.0,0.05642737896494157
category_state,2022,D6_ARM_002,region,Family_I,feature_drop,,,,,,,,,,dropped_constant_equivalent,3,before,10087.0,779.0,0.07722811539605433
category_state,2022,D6_ARM_002,region,Family_I,feature_drop,,,,,,,,,,dropped_constant_equivalent,4,before,6813.0,443.0,0.06502275062380743
category_state,2022,D6_ARM_002,region,Family_I,feature_drop,,,,,,,,,,dropped_constant_equivalent,dropped_constant_equivalent,after,27453.0,1770.0,0.06447382799694022
feature_summary,2022,D6_ARM_003,cogmemdff_a,Family_I,categorical_merge,5.0,4.0,1.0,0.009061739368663425,0.006664365187021869,-0.0023973741816415567,0.16591979894123363,0.023154669203235775,-0.14276512973799785,merged_categories,,,,,
category_state,2022,D6_ARM_003,cogmemdff_a,Family_I,categorical_merge,,,,,,,,,,merged_categories,-1,before,9.0,1.0,0.1111111111111111
category_state,2022,D6_ARM_003,cogmemdff_a,Family_I,categorical_merge,,,,,,,,,,merged_categories,1,before,21636.0,1147.0,0.05301349602514328
category_state,2022,D6_ARM_003,cogmemdff_a,Family_I,categorical_merge,,,,,,,,,,merged_categories,2,before,5090.0,521.0,0.10235756385068762
category_state,2022,D6_ARM_003,cogmemdff_a,Family_I,categorical_merge,,,,,,,,,,merged_categories,3,before,696.0,100.0,0.14367816091954022
category_state,2022,D6_ARM_003,cogmemdff_a,Family_I,categorical_merge,,,,,,,,,,merged_categories,4,before,20.0,1.0,0.05
category_state,2022,D6_ARM_003,cogmemdff_a,Family_I,categorical_merge,,,,,,,,,,merged_categories,-1,after,9.0,1.0,0.1111111111111111
category_state,2022,D6_ARM_003,cogmemdff_a,Family_I,categorical_merge,,,,,,,,,,merged_categories,1,after,22332.0,1247.0,0.05583915457639262
category_state,2022,D6_ARM_003,cogmemdff_a,Family_I,categorical_merge,,,,,,,,,,merged_categories,2,after,5090.0,521.0,0.10235756385068762
category_state,2022,D6_ARM_003,cogmemdff_a,Family_I,categorical_merge,,,,,,,,,,merged_categories,4,after,20.0,1.0,0.05
feature_summary,2022,D6_ARM_003,diff_a,Family_I,categorical_merge,5.0,4.0,1.0,0.002292884723761982,0.0013202895894091915,-0.0009725951343527905,0.34032699910437897,0.062068156915691314,-0.2782588421886877,merged_categories,,,,,
category_state,2022,D6_ARM_003,diff_a,Family_I,categorical_merge,,,,,,,,,,merged_categories,-1,before,2.0,0.0,0.0
category_state,2022,D6_ARM_003,diff_a,Family_I,categorical_merge,,,,,,,,,,merged_categories,1,before,21430.0,1254.0,0.058516098926738216
category_state,2022,D6_ARM_003,diff_a,Family_I,categorical_merge,,,,,,,,,,merged_categories,2,before,4295.0,354.0,0.08242142025611175
category_state,2022,D6_ARM_003,diff_a,Family_I,categorical_merge,,,,,,,,,,merged_categories,3,before,1425.0,140.0,0.09824561403508772
category_state,2022,D6_ARM_003,diff_a,Family_I,categorical_merge,,,,,,,,,,merged_categories,4,before,299.0,22.0,0.07357859531772576
category_state,2022,D6_ARM_003,diff_a,Family_I,categorical_merge,,,,,,,,,,merged_categories,-1,after,2.0,0.0,0.0
category_state,2022,D6_ARM_003,diff_a,Family_I,categorical_merge,,,,,,,,,,merged_categories,1,after,22855.0,1394.0,0.06099321811419821
category_state,2022,D6_ARM_003,diff_a,Family_I,categorical_merge,,,,,,,,,,merged_categories,2,after,4295.0,354.0,0.08242142025611175
category_state,2022,D6_ARM_003,diff_a,Family_I,categorical_merge,,,,,,,,,,merged_categories,4,after,299.0,22.0,0.07357859531772576
feature_summary,2022,D6_ARM_003,empwrkft1_a,Family_I,categorical_merge,4.0,3.0,1.0,0.0015778298815520193,0.0007402131377237483,-0.000837616743828271,0.048014624661830915,0.003944177008012915,-0.044070447653818,merged_categories,,,,,
category_state,2022,D6_ARM_003,empwrkft1_a,Family_I,categorical_merge,,,,,,,,,,merged_categories,-2,before,1018.0,79.0,0.07760314341846758
category_state,2022,D6_ARM_003,empwrkft1_a,Family_I,categorical_merge,,,,,,,,,,merged_categories,-1,before,11098.0,569.0,0.05127049918904307
category_state,2022,D6_ARM_003,empwrkft1_a,Family_I,categorical_merge,,,,,,,,,,merged_categories,1,before,12379.0,888.0,0.071734388884401
category_state,2022,D6_ARM_003,empwrkft1_a,Family_I,categorical_merge,,,,,,,,,,merged_categories,2,before,2956.0,234.0,0.07916102841677942
category_state,2022,D6_ARM_003,empwrkft1_a,Family_I,categorical_merge,,,,,,,,,,merged_categories,-2,after,1018.0,79.0,0.07760314341846758
category_state,2022,D6_ARM_003,empwrkft1_a,Family_I,categorical_merge,,,,,,,,,,merged_categories,1,after,23477.0,1457.0,0.06206074029901606
category_state,2022,D6_ARM_003,empwrkft1_a,Family_I,categorical_merge,,,,,,,,,,merged_categories,2,after,2956.0,234.0,0.07916102841677942
feature_summary,2022,D6_ARM_003,empwrklsw1_a,Family_I,categorical_merge,3.0,2.0,1.0,0.0019243905876080145,0.00024330657241370462,-0.00168108401519431,0.058286150428465716,0.0004034401484630672,-0.05788271028000265,merged_categories,,,,,
category_state,2022,D6_ARM_003,empwrklsw1_a,Family_I,categorical_merge,,,,,,,,,,merged_categories,-1,before,997.0,77.0,0.07723169508525576
category_state,2022,D6_ARM_003,empwrklsw1_a,Family_I,categorical_merge,,,,,,,,,,merged_categories,1,before,15356.0,1124.0,0.07319614482938265
category_state,2022,D6_ARM_003,empwrklsw1_a,Family_I,categorical_merge,,,,,,,,,,merged_categories,2,before,11098.0,569.0,0.05127049918904307
category_state,2022,D6_ARM_003,empwrklsw1_a,Family_I,categorical_merge,,,,,,,,,,merged_categories,-1,after,997.0,77.0,0.07723169508525576
category_state,2022,D6_ARM_003,empwrklsw1_a,Family_I,categorical_merge,,,,,,,,,,merged_categories,1,after,26454.0,1693.0,0.06399788311786497
feature_summary,2022,D6_ARM_003,hypev_a,Family_I,categorical_merge,3.0,2.0,1.0,0.0005342853923732558,2.830042588049328e-06,-0.0005314553497852065,0.028872633561949846,7.516285642465325e-06,-0.028865117276307382,merged_categories,,,,,
category_state,2022,D6_ARM_003,hypev_a,Family_I,categorical_merge,,,,,,,,,,merged_categories,-1,before,43.0,3.0,0.06976744186046512
category_state,2022,D6_ARM_003,hypev_a,Family_I,categorical_merge,,,,,,,,,,merged_categories,1,before,10081.0,579.0,0.057434778295803984
category_state,2022,D6_ARM_003,hypev_a,Family_I,categorical_merge,,,,,,,,,,merged_categories,2,before,17327.0,1188.0,0.06856351359150459
category_state,2022,D6_ARM_003,hypev_a,Family_I,categorical_merge,,,,,,,,,,merged_categories,-1,after,43.0,3.0,0.06976744186046512
category_state,2022,D6_ARM_003,hypev_a,Family_I,categorical_merge,,,,,,,,,,merged_categories,2,after,27408.0,1767.0,0.06447022767075307
feature_summary,2022,D6_ARM_004,agep_a,Family_I,feature_drop,68.0,1.0,67.0,0.006369568497759822,0.0,-0.006369568497759822,0.01757340411996956,0.0,-0.01757340411996956,dropped_constant_equivalent,,,,,
category_state,2022,D6_ARM_004,agep_a,Family_I,feature_drop,,,,,,,,,,dropped_constant_equivalent,18.0,before,211.0,6.0,0.02843601895734597
category_state,2022,D6_ARM_004,agep_a,Family_I,feature_drop,,,,,,,,,,dropped_constant_equivalent,19.0,before,202.0,11.0,0.054455445544554455
category_state,2022,D6_ARM_004,agep_a,Family_I,feature_drop,,,,,,,,,,dropped_constant_equivalent,20.0,before,208.0,13.0,0.0625
category_state,2022,D6_ARM_004,agep_a,Family_I,feature_drop,,,,,,,,,,dropped_constant_equivalent,21.0,before,224.0,18.0,0.08035714285714286
category_state,2022,D6_ARM_004,agep_a,Family_I,feature_drop,,,,,,,,,,dropped_constant_equivalent,22.0,before,262.0,21.0,0.08015267175572519
category_state,2022,D6_ARM_004,agep_a,Family_I,feature_drop,,,,,,,,,,dropped_constant_equivalent,23.0,before,320.0,35.0,0.109375
category_state,2022,D6_ARM_004,agep_a,Family_I,feature_drop,,,,,,,,,,dropped_constant_equivalent,24.0,before,296.0,25.0,0.08445945945945946
category_state,2022,D6_ARM_004,agep_a,Family_I,feature_drop,,,,,,,,,,dropped_constant_equivalent,25.0,before,337.0,30.0,0.08902077151335312
category_state,2022,D6_ARM_004,agep_a,Family_I,feature_drop,,,,,,,,,,dropped_constant_equivalent,26.0,before,348.0,39.0,0.11206896551724138
category_state,2022,D6_ARM_004,agep_a,Family_I,feature_drop,,,,,,,,,,dropped_constant_equivalent,27.0,before,364.0,27.0,0.07417582417582418
category_state,2022,D6_ARM_004,agep_a,Family_I,feature_drop,,,,,,,,,,dropped_constant_equivalent,28.0,before,356.0,31.0,0.08707865168539326
category_state,2022,D6_ARM_004,agep_a,Family_I,feature_drop,,,,,,,,,,dropped_constant_equivalent,29.0,before,399.0,31.0,0.07769423558897243
category_state,2022,D6_ARM_004,agep_a,Family_I,feature_drop,,,,,,,,,,dropped_constant_equivalent,30.0,before,436.0,31.0,0.07110091743119266
category_state,2022,D6_ARM_004,agep_a,Family_I,feature_drop,,,,,,,,,,dropped_constant_equivalent,31.0,before,447.0,45.0,0.10067114093959731
category_state,2022,D6_ARM_004,agep_a,Family_I,feature_drop,,,,,,,,,,dropped_constant_equivalent,32.0,before,416.0,39.0,0.09375
category_state,2022,D6_ARM_004,agep_a,Family_I,feature_drop,,,,,,,,,,dropped_constant_equivalent,33.0,before,419.0,41.0,0.09785202863961814
category_state,2022,D6_ARM_004,agep_a,Family_I,feature_drop,,,,,,,,,,dropped_constant_equivalent,34.0,before,456.0,45.0,0.09868421052631579
category_state,2022,D6_ARM_004,agep_a,Family_I,feature_drop,,,,,,,,,,dropped_constant_equivalent,35.0,before,415.0,36.0,0.08674698795180723
category_state,2022,D6_ARM_004,agep_a,Family_I,feature_drop,,,,,,,,,,dropped_constant_equivalent,36.0,before,458.0,53.0,0.11572052401746726
category_state,2022,D6_ARM_004,agep_a,Family_I,feature_drop,,,,,,,,,,dropped_constant_equivalent,37.0,before,481.0,43.0,0.0893970893970894
category_state,2022,D6_ARM_004,agep_a,Family_I,feature_drop,,,,,,,,,,dropped_constant_equivalent,38.0,before,416.0,48.0,0.11538461538461539
category_state,2022,D6_ARM_004,agep_a,Family_I,feature_drop,,,,,,,,,,dropped_constant_equivalent,39.0,before,411.0,40.0,0.09732360097323602
category_state,2022,D6_ARM_004,agep_a,Family_I,feature_drop,,,,,,,,,,dropped_constant_equivalent,40.0,before,453.0,30.0,0.06622516556291391
category_state,2022,D6_ARM_004,agep_a,Family_I,feature_drop,,,,,,,,,,dropped_constant_equivalent,41.0,before,421.0,33.0,0.07838479809976247
category_state,2022,D6_ARM_004,agep_a,Family_I,feature_drop,,,,,,,,,,dropped_constant_equivalent,42.0,before,399.0,37.0,0.09273182957393483
category_state,2022,D6_ARM_004,agep_a,Family_I,feature_drop,,,,,,,,,,dropped_constant_equivalent,43.0,before,395.0,38.0,0.09620253164556962
category_state,2022,D6_ARM_004,agep_a,Family_I,feature_drop,,,,,,,,,,dropped_constant_equivalent,44.0,before,401.0,28.0,0.06982543640897755
category_state,2022,D6_ARM_004,agep_a,Family_I,feature_drop,,,,,,,,,,dropped_constant_equivalent,45.0,before,392.0,43.0,0.1096938775510204
category_state,2022,D6_ARM_004,agep_a,Family_I,feature_drop,,,,,,,,,,dropped_constant_equivalent,46.0,before,367.0,27.0,0.07356948228882834
category_state,2022,D6_ARM_004,agep_a,Family_I,feature_drop,,,,,,,,,,dropped_constant_equivalent,47.0,before,397.0,31.0,0.07808564231738035
category_state,2022,D6_ARM_004,agep_a,Family_I,feature_drop,,,,,,,,,,dropped_constant_equivalent,48.0,before,356.0,34.0,0.09550561797752809
category_state,2022,D6_ARM_004,agep_a,Family_I,feature_drop,,,,,,,,,,dropped_constant_equivalent,49.0,before,358.0,46.0,0.12849162011173185
category_state,2022,D6_ARM_004,agep_a,Family_I,feature_drop,,,,,,,,,,dropped_constant_equivalent,50.0,before,355.0,25.0,0.07042253521126761
category_state,2022,D6_ARM_004,agep_a,Family_I,feature_drop,,,,,,,,,,dropped_constant_equivalent,51.0,before,429.0,34.0,0.07925407925407925
category_state,2022,D6_ARM_004,agep_a,Family_I,feature_drop,,,,,,,,,,dropped_constant_equivalent,52.0,before,420.0,28.0,0.06666666666666667
category_state,2022,D6_ARM_004,agep_a,Family_I,feature_drop,,,,,,,,,,dropped_constant_equivalent,53.0,before,389.0,28.0,0.07197943444730077
category_state,2022,D6_ARM_004,agep_a,Family_I,feature_drop,,,,,,,,,,dropped_constant_equivalent,54.0,before,425.0,26.0,0.0611764705882353
category_state,2022,D6_ARM_004,agep_a,Family_I,feature_drop,,,,,,,,,,dropped_constant_equivalent,55.0,before,400.0,36.0,0.09
category_state,2022,D6_ARM_004,agep_a,Family_I,feature_drop,,,,,,,,,,dropped_constant_equivalent,56.0,before,415.0,30.0,0.07228915662650602
category_state,2022,D6_ARM_004,agep_a,Family_I,feature_drop,,,,,,,,,,dropped_constant_equivalent,57.0,before,495.0,40.0,0.08080808080808081
category_state,2022,D6_ARM_004,agep_a,Family_I,feature_drop,,,,,,,,,,dropped_constant_equivalent,58.0,before,493.0,40.0,0.08113590263691683
category_state,2022,D6_ARM_004,agep_a,Family_I,feature_drop,,,,,,,,,,dropped_constant_equivalent,59.0,before,456.0,39.0,0.08552631578947369
category_state,2022,D6_ARM_004,agep_a,Family_I,feature_drop,,,,,,,,,,dropped_constant_equivalent,60.0,before,507.0,34.0,0.0670611439842209
category_state,2022,D6_ARM_004,agep_a,Family_I,feature_drop,,,,,,,,,,dropped_constant_equivalent,61.0,before,510.0,33.0,0.06470588235294118
category_state,2022,D6_ARM_004,agep_a,Family_I,feature_drop,,,,,,,,,,dropped_constant_equivalent,62.0,before,546.0,36.0,0.06593406593406594
category_state,2022,D6_ARM_004,agep_a,Family_I,feature_drop,,,,,,,,,,dropped_constant_equivalent,63.0,before,524.0,33.0,0.06297709923664122
category_state,2022,D6_ARM_004,agep_a,Family_I,feature_drop,,,,,,,,,,dropped_constant_equivalent,64.0,before,554.0,35.0,0.0631768953068592
category_state,2022,D6_ARM_004,agep_a,Family_I,feature_drop,,,,,,,,,,dropped_constant_equivalent,65.0,before,495.0,26.0,0.052525252525252523
category_state,2022,D6_ARM_004,agep_a,Family_I,feature_drop,,,,,,,,,,dropped_constant_equivalent,66.0,before,547.0,17.0,0.031078610603290677
category_state,2022,D6_ARM_004,agep_a,Family_I,feature_drop,,,,,,,,,,dropped_constant_equivalent,67.0,before,555.0,17.0,0.03063063063063063
category_state,2022,D6_ARM_004,agep_a,Family_I,feature_drop,,,,,,,,,,dropped_constant_equivalent,68.0,before,552.0,24.0,0.043478260869565216
category_state,2022,D6_ARM_004,agep_a,Family_I,feature_drop,,,,,,,,,,dropped_constant_equivalent,69.0,before,505.0,16.0,0.031683168316831684
category_state,2022,D6_ARM_004,agep_a,Family_I,feature_drop,,,,,,,,,,dropped_constant_equivalent,70.0,before,485.0,17.0,0.03505154639175258
category_state,2022,D6_ARM_004,agep_a,Family_I,feature_drop,,,,,,,,,,dropped_constant_equivalent,71.0,before,483.0,14.0,0.028985507246376812
category_state,2022,D6_ARM_004,agep_a,Family_I,feature_drop,,,,,,,,,,dropped_constant_equivalent,72.0,before,483.0,9.0,0.018633540372670808
category_state,2022,D6_ARM_004,agep_a,Family_I,feature_drop,,,,,,,,,,dropped_constant_equivalent,73.0,before,438.0,11.0,0.02511415525114155
category_state,2022,D6_ARM_004,agep_a,Family_I,feature_drop,,,,,,,,,,dropped_constant_equivalent,74.0,before,443.0,13.0,0.029345372460496615
category_state,2022,D6_ARM_004,agep_a,Family_I,feature_drop,,,,,,,,,,dropped_constant_equivalent,75.0,before,431.0,6.0,0.013921113689095127
category_state,2022,D6_ARM_004,agep_a,Family_I,feature_drop,,,,,,,,,,dropped_constant_equivalent,76.0,before,302.0,6.0,0.019867549668874173
category_state,2022,D6_ARM_004,agep_a,Family_I,feature_drop,,,,,,,,,,dropped_constant_equivalent,77.0,before,321.0,8.0,0.024922118380062305
category_state,2022,D6_ARM_004,agep_a,Family_I,feature_drop,,,,,,,,,,dropped_constant_equivalent,78.0,before,294.0,4.0,0.013605442176870748
category_state,2022,D6_ARM_004,agep_a,Family_I,feature_drop,,,,,,,,,,dropped_constant_equivalent,79.0,before,299.0,7.0,0.023411371237458192
category_state,2022,D6_ARM_004,agep_a,Family_I,feature_drop,,,,,,,,,,dropped_constant_equivalent,80.0,before,265.0,4.0,0.01509433962264151
category_state,2022,D6_ARM_004,agep_a,Family_I,feature_drop,,,,,,,,,,dropped_constant_equivalent,81.0,before,215.0,4.0,0.018604651162790697
category_state,2022,D6_ARM_004,agep_a,Family_I,feature_drop,,,,,,,,,,dropped_constant_equivalent,82.0,before,231.0,2.0,0.008658008658008658
category_state,2022,D6_ARM_004,agep_a,Family_I,feature_drop,,,,,,,,,,dropped_constant_equivalent,83.0,before,195.0,3.0,0.015384615384615385
category_state,2022,D6_ARM_004,agep_a,Family_I,feature_drop,,,,,,,,,,dropped_constant_equivalent,84.0,before,186.0,2.0,0.010752688172043012
category_state,2022,D6_ARM_004,agep_a,Family_I,feature_drop,,,,,,,,,,dropped_constant_equivalent,85.0,before,987.0,8.0,0.008105369807497468
category_state,2022,D6_ARM_004,agep_a,Family_I,feature_drop,,,,,,,,,,dropped_constant_equivalent,dropped_constant_equivalent,after,27451.0,1770.0,0.06447852537248187
feature_summary,2022,D6_ARM_004,chlev_a,Family_I,categorical_merge,3.0,2.0,1.0,0.0010723897483651526,6.59119185581064e-05,-0.0010064778298070462,0.01896823404195158,0.0021665803258583273,-0.016801653716093254,merged_categories,,,,,
category_state,2022,D6_ARM_004,chlev_a,Family_I,categorical_merge,,,,,,,,,,merged_categories,-1,before,85.0,4.0,0.047058823529411764
category_state,2022,D6_ARM_004,chlev_a,Family_I,categorical_merge,,,,,,,,,,merged_categories,1,before,8679.0,466.0,0.053692821753658256
category_state,2022,D6_ARM_004,chlev_a,Family_I,categorical_merge,,,,,,,,,,merged_categories,2,before,18687.0,1300.0,0.06956707871782522
category_state,2022,D6_ARM_004,chlev_a,Family_I,categorical_merge,,,,,,,,,,merged_categories,-1,after,85.0,4.0,0.047058823529411764
category_state,2022,D6_ARM_004,chlev_a,Family_I,categorical_merge,,,,,,,,,,merged_categories,2,after,27366.0,1766.0,0.06453263173280713
feature_summary,2022,D6_ARM_004,dibev_a,Family_I,categorical_merge,3.0,2.0,1.0,7.790102731754236e-05,0.0001357171572255512,5.781612990800883e-05,0.027365078870907448,3.977009667013405e-06,-0.027361101861240435,merged_categories,,,,,
category_state,2022,D6_ARM_004,dibev_a,Family_I,categorical_merge,,,,,,,,,,merged_categories,-1,before,26.0,3.0,0.11538461538461539
category_state,2022,D6_ARM_004,dibev_a,Family_I,categorical_merge,,,,,,,,,,merged_categories,1,before,2921.0,181.0,0.06196508045190004
category_state,2022,D6_ARM_004,dibev_a,Family_I,categorical_merge,,,,,,,,,,merged_categories,2,before,24504.0,1586.0,0.06472412667319621
category_state,2022,D6_ARM_004,dibev_a,Family_I,categorical_merge,,,,,,,,,,merged_categories,-1,after,26.0,3.0,0.11538461538461539
category_state,2022,D6_ARM_004,dibev_a,Family_I,categorical_merge,,,,,,,,,,merged_categories,2,after,27425.0,1767.0,0.0644302643573382
feature_summary,2022,D6_ARM_004,empwrkft1_a,Family_I,categorical_merge,4.0,3.0,1.0,0.0015778298815520193,0.0007402131377237483,-0.000837616743828271,0.048014624661830915,0.003944177008012915,-0.044070447653818,merged_categories,,,,,
category_state,2022,D6_ARM_004,empwrkft1_a,Family_I,categorical_merge,,,,,,,,,,merged_categories,-2,before,1018.0,79.0,0.07760314341846758
category_state,2022,D6_ARM_004,empwrkft1_a,Family_I,categorical_merge,,,,,,,,,,merged_categories,-1,before,11098.0,569.0,0.05127049918904307
category_state,2022,D6_ARM_004,empwrkft1_a,Family_I,categorical_merge,,,,,,,,,,merged_categories,1,before,12379.0,888.0,0.071734388884401
category_state,2022,D6_ARM_004,empwrkft1_a,Family_I,categorical_merge,,,,,,,,,,merged_categories,2,before,2956.0,234.0,0.07916102841677942
category_state,2022,D6_ARM_004,empwrkft1_a,Family_I,categorical_merge,,,,,,,,,,merged_categories,-2,after,1018.0,79.0,0.07760314341846758
category_state,2022,D6_ARM_004,empwrkft1_a,Family_I,categorical_merge,,,,,,,,,,merged_categories,1,after,23477.0,1457.0,0.06206074029901606
category_state,2022,D6_ARM_004,empwrkft1_a,Family_I,categorical_merge,,,,,,,,,,merged_categories,2,after,2956.0,234.0,0.07916102841677942
feature_summary,2022,D6_ARM_004,empwrklsw1_a,Family_I,categorical_merge,3.0,2.0,1.0,0.0019243905876080145,0.00024330657241370462,-0.00168108401519431,0.058286150428465716,0.0004034401484630672,-0.05788271028000265,merged_categories,,,,,
category_state,2022,D6_ARM_004,empwrklsw1_a,Family_I,categorical_merge,,,,,,,,,,merged_categories,-1,before,997.0,77.0,0.07723169508525576
category_state,2022,D6_ARM_004,empwrklsw1_a,Family_I,categorical_merge,,,,,,,,,,merged_categories,1,before,15356.0,1124.0,0.07319614482938265
category_state,2022,D6_ARM_004,empwrklsw1_a,Family_I,categorical_merge,,,,,,,,,,merged_categories,2,before,11098.0,569.0,0.05127049918904307
category_state,2022,D6_ARM_004,empwrklsw1_a,Family_I,categorical_merge,,,,,,,,,,merged_categories,-1,after,997.0,77.0,0.07723169508525576
category_state,2022,D6_ARM_004,empwrklsw1_a,Family_I,categorical_merge,,,,,,,,,,merged_categories,1,after,26454.0,1693.0,0.06399788311786497
feature_summary,2022,D6_ARM_004,hypev_a,Family_I,categorical_merge,3.0,2.0,1.0,0.0005342853923732558,2.830042588049328e-06,-0.0005314553497852065,0.028872633561949846,7.516285642465325e-06,-0.028865117276307382,merged_categories,,,,,
category_state,2022,D6_ARM_004,hypev_a,Family_I,categorical_merge,,,,,,,,,,merged_categories,-1,before,43.0,3.0,0.06976744186046512
category_state,2022,D6_ARM_004,hypev_a,Family_I,categorical_merge,,,,,,,,,,merged_categories,1,before,10081.0,579.0,0.057434778295803984
category_state,2022,D6_ARM_004,hypev_a,Family_I,categorical_merge,,,,,,,,,,merged_categories,2,before,17327.0,1188.0,0.06856351359150459
category_state,2022,D6_ARM_004,hypev_a,Family_I,categorical_merge,,,,,,,,,,merged_categories,-1,after,43.0,3.0,0.06976744186046512
category_state,2022,D6_ARM_004,hypev_a,Family_I,categorical_merge,,,,,,,,,,merged_categories,2,after,27408.0,1767.0,0.06447022767075307
feature_summary,2022,D6_ARM_004,phstat_a,Family_I,categorical_merge,6.0,4.0,2.0,0.006989523670844284,0.0008770485807859285,-0.006112475090058356,0.0783621200609227,0.00014731290228674809,-0.07821480715863596,merged_categories,,,,,
category_state,2022,D6_ARM_004,phstat_a,Family_I,categorical_merge,,,,,,,,,,merged_categories,-1,before,5.0,1.0,0.2
category_state,2022,D6_ARM_004,phstat_a,Family_I,categorical_merge,,,,,,,,,,merged_categories,1,before,5620.0,209.0,0.03718861209964413
category_state,2022,D6_ARM_004,phstat_a,Family_I,categorical_merge,,,,,,,,,,merged_categories,2,before,9410.0,463.0,0.04920297555791711
category_state,2022,D6_ARM_004,phstat_a,Family_I,categorical_merge,,,,,,,,,,merged_categories,3,before,8214.0,579.0,0.07048940832724616
category_state,2022,D6_ARM_004,phstat_a,Family_I,categorical_merge,,,,,,,,,,merged_categories,4,before,3186.0,392.0,0.12303829252981795
category_state,2022,D6_ARM_004,phstat_a,Family_I,categorical_merge,,,,,,,,,,merged_categories,5,before,1016.0,126.0,0.12401574803149606
category_state,2022,D6_ARM_004,phstat_a,Family_I,categorical_merge,,,,,,,,,,merged_categories,-1,after,5.0,1.0,0.2
category_state,2022,D6_ARM_004,phstat_a,Family_I,categorical_merge,,,,,,,,,,merged_categories,1,after,6636.0,335.0,0.05048221820373719
category_state,2022,D6_ARM_004,phstat_a,Family_I,categorical_merge,,,,,,,,,,merged_categories,2,after,12596.0,855.0,0.06787869164814227
category_state,2022,D6_ARM_004,phstat_a,Family_I,categorical_merge,,,,,,,,,,merged_categories,3,after,8214.0,579.0,0.07048940832724616
feature_summary,2023,D6_ARM_001,agep_a,Family_I,feature_drop,68.0,1.0,67.0,0.006634239654367046,0.0,-0.006634239654367046,0.0012613359784644932,0.0,-0.0012613359784644932,dropped_constant_equivalent,,,,,
category_state,2023,D6_ARM_001,agep_a,Family_I,feature_drop,,,,,,,,,,dropped_constant_equivalent,18.0,before,222.0,5.0,0.02252252252252252
category_state,2023,D6_ARM_001,agep_a,Family_I,feature_drop,,,,,,,,,,dropped_constant_equivalent,19.0,before,206.0,9.0,0.043689320388349516
category_state,2023,D6_ARM_001,agep_a,Family_I,feature_drop,,,,,,,,,,dropped_constant_equivalent,20.0,before,209.0,19.0,0.09090909090909091
category_state,2023,D6_ARM_001,agep_a,Family_I,feature_drop,,,,,,,,,,dropped_constant_equivalent,21.0,before,254.0,18.0,0.07086614173228346
category_state,2023,D6_ARM_001,agep_a,Family_I,feature_drop,,,,,,,,,,dropped_constant_equivalent,22.0,before,277.0,21.0,0.07581227436823104
category_state,2023,D6_ARM_001,agep_a,Family_I,feature_drop,,,,,,,,,,dropped_constant_equivalent,23.0,before,336.0,38.0,0.1130952380952381
category_state,2023,D6_ARM_001,agep_a,Family_I,feature_drop,,,,,,,,,,dropped_constant_equivalent,24.0,before,344.0,32.0,0.09302325581395349
category_state,2023,D6_ARM_001,agep_a,Family_I,feature_drop,,,,,,,,,,dropped_constant_equivalent,25.0,before,357.0,31.0,0.08683473389355742
category_state,2023,D6_ARM_001,agep_a,Family_I,feature_drop,,,,,,,,,,dropped_constant_equivalent,26.0,before,386.0,38.0,0.09844559585492228
category_state,2023,D6_ARM_001,agep_a,Family_I,feature_drop,,,,,,,,,,dropped_constant_equivalent,27.0,before,379.0,37.0,0.09762532981530343
category_state,2023,D6_ARM_001,agep_a,Family_I,feature_drop,,,,,,,,,,dropped_constant_equivalent,28.0,before,386.0,38.0,0.09844559585492228
category_state,2023,D6_ARM_001,agep_a,Family_I,feature_drop,,,,,,,,,,dropped_constant_equivalent,29.0,before,408.0,50.0,0.12254901960784313
category_state,2023,D6_ARM_001,agep_a,Family_I,feature_drop,,,,,,,,,,dropped_constant_equivalent,30.0,before,448.0,44.0,0.09821428571428571
category_state,2023,D6_ARM_001,agep_a,Family_I,feature_drop,,,,,,,,,,dropped_constant_equivalent,31.0,before,450.0,43.0,0.09555555555555556
category_state,2023,D6_ARM_001,agep_a,Family_I,feature_drop,,,,,,,,,,dropped_constant_equivalent,32.0,before,499.0,54.0,0.10821643286573146
category_state,2023,D6_ARM_001,agep_a,Family_I,feature_drop,,,,,,,,,,dropped_constant_equivalent,33.0,before,443.0,38.0,0.08577878103837472
category_state,2023,D6_ARM_001,agep_a,Family_I,feature_drop,,,,,,,,,,dropped_constant_equivalent,34.0,before,468.0,49.0,0.1047008547008547
category_state,2023,D6_ARM_001,agep_a,Family_I,feature_drop,,,,,,,,,,dropped_constant_equivalent,35.0,before,465.0,48.0,0.1032258064516129
category_state,2023,D6_ARM_001,agep_a,Family_I,feature_drop,,,,,,,,,,dropped_constant_equivalent,36.0,before,501.0,48.0,0.09580838323353294
category_state,2023,D6_ARM_001,agep_a,Family_I,feature_drop,,,,,,,,,,dropped_constant_equivalent,37.0,before,430.0,35.0,0.08139534883720931
category_state,2023,D6_ARM_001,agep_a,Family_I,feature_drop,,,,,,,,,,dropped_constant_equivalent,38.0,before,456.0,39.0,0.08552631578947369
category_state,2023,D6_ARM_001,agep_a,Family_I,feature_drop,,,,,,,,,,dropped_constant_equivalent,39.0,before,465.0,27.0,0.05806451612903226
category_state,2023,D6_ARM_001,agep_a,Family_I,feature_drop,,,,,,,,,,dropped_constant_equivalent,40.0,before,470.0,44.0,0.09361702127659574
category_state,2023,D6_ARM_001,agep_a,Family_I,feature_drop,,,,,,,,,,dropped_constant_equivalent,41.0,before,452.0,36.0,0.07964601769911504
category_state,2023,D6_ARM_001,agep_a,Family_I,feature_drop,,,,,,,,,,dropped_constant_equivalent,42.0,before,385.0,27.0,0.07012987012987013
category_state,2023,D6_ARM_001,agep_a,Family_I,feature_drop,,,,,,,,,,dropped_constant_equivalent,43.0,before,433.0,38.0,0.08775981524249422
category_state,2023,D6_ARM_001,agep_a,Family_I,feature_drop,,,,,,,,,,dropped_constant_equivalent,44.0,before,440.0,35.0,0.07954545454545454
category_state,2023,D6_ARM_001,agep_a,Family_I,feature_drop,,,,,,,,,,dropped_constant_equivalent,45.0,before,398.0,34.0,0.08542713567839195
category_state,2023,D6_ARM_001,agep_a,Family_I,feature_drop,,,,,,,,,,dropped_constant_equivalent,46.0,before,401.0,40.0,0.09975062344139651
category_state,2023,D6_ARM_001,agep_a,Family_I,feature_drop,,,,,,,,,,dropped_constant_equivalent,47.0,before,363.0,35.0,0.09641873278236915
category_state,2023,D6_ARM_001,agep_a,Family_I,feature_drop,,,,,,,,,,dropped_constant_equivalent,48.0,before,375.0,37.0,0.09866666666666667
category_state,2023,D6_ARM_001,agep_a,Family_I,feature_drop,,,,,,,,,,dropped_constant_equivalent,49.0,before,390.0,25.0,0.0641025641025641
category_state,2023,D6_ARM_001,agep_a,Family_I,feature_drop,,,,,,,,,,dropped_constant_equivalent,50.0,before,381.0,32.0,0.08398950131233596
category_state,2023,D6_ARM_001,agep_a,Family_I,feature_drop,,,,,,,,,,dropped_constant_equivalent,51.0,before,426.0,44.0,0.10328638497652583
category_state,2023,D6_ARM_001,agep_a,Family_I,feature_drop,,,,,,,,,,dropped_constant_equivalent,52.0,before,418.0,43.0,0.10287081339712918
category_state,2023,D6_ARM_001,agep_a,Family_I,feature_drop,,,,,,,,,,dropped_constant_equivalent,53.0,before,456.0,45.0,0.09868421052631579
category_state,2023,D6_ARM_001,agep_a,Family_I,feature_drop,,,,,,,,,,dropped_constant_equivalent,54.0,before,494.0,27.0,0.05465587044534413
category_state,2023,D6_ARM_001,agep_a,Family_I,feature_drop,,,,,,,,,,dropped_constant_equivalent,55.0,before,483.0,43.0,0.08902691511387163
category_state,2023,D6_ARM_001,agep_a,Family_I,feature_drop,,,,,,,,,,dropped_constant_equivalent,56.0,before,428.0,41.0,0.09579439252336448
category_state,2023,D6_ARM_001,agep_a,Family_I,feature_drop,,,,,,,,,,dropped_constant_equivalent,57.0,before,434.0,39.0,0.08986175115207373
category_state,2023,D6_ARM_001,agep_a,Family_I,feature_drop,,,,,,,,,,dropped_constant_equivalent,58.0,before,491.0,34.0,0.06924643584521385
category_state,2023,D6_ARM_001,agep_a,Family_I,feature_drop,,,,,,,,,,dropped_constant_equivalent,59.0,before,496.0,37.0,0.07459677419354839
category_state,2023,D6_ARM_001,agep_a,Family_I,feature_drop,,,,,,,,,,dropped_constant_equivalent,60.0,before,519.0,41.0,0.0789980732177264
category_state,2023,D6_ARM_001,agep_a,Family_I,feature_drop,,,,,,,,,,dropped_constant_equivalent,61.0,before,520.0,27.0,0.051923076923076926
category_state,2023,D6_ARM_001,agep_a,Family_I,feature_drop,,,,,,,,,,dropped_constant_equivalent,62.0,before,551.0,37.0,0.06715063520871144
category_state,2023,D6_ARM_001,agep_a,Family_I,feature_drop,,,,,,,,,,dropped_constant_equivalent,63.0,before,553.0,38.0,0.06871609403254973
category_state,2023,D6_ARM_001,agep_a,Family_I,feature_drop,,,,,,,,,,dropped_constant_equivalent,64.0,before,526.0,35.0,0.06653992395437262
category_state,2023,D6_ARM_001,agep_a,Family_I,feature_drop,,,,,,,,,,dropped_constant_equivalent,65.0,before,592.0,37.0,0.0625
category_state,2023,D6_ARM_001,agep_a,Family_I,feature_drop,,,,,,,,,,dropped_constant_equivalent,66.0,before,549.0,28.0,0.051001821493624776
category_state,2023,D6_ARM_001,agep_a,Family_I,feature_drop,,,,,,,,,,dropped_constant_equivalent,67.0,before,608.0,20.0,0.03289473684210526
category_state,2023,D6_ARM_001,agep_a,Family_I,feature_drop,,,,,,,,,,dropped_constant_equivalent,68.0,before,591.0,22.0,0.03722504230118443
category_state,2023,D6_ARM_001,agep_a,Family_I,feature_drop,,,,,,,,,,dropped_constant_equivalent,69.0,before,523.0,15.0,0.028680688336520075
category_state,2023,D6_ARM_001,agep_a,Family_I,feature_drop,,,,,,,,,,dropped_constant_equivalent,70.0,before,561.0,20.0,0.035650623885918005
category_state,2023,D6_ARM_001,agep_a,Family_I,feature_drop,,,,,,,,,,dropped_constant_equivalent,71.0,before,521.0,9.0,0.01727447216890595
category_state,2023,D6_ARM_001,agep_a,Family_I,feature_drop,,,,,,,,,,dropped_constant_equivalent,72.0,before,527.0,17.0,0.03225806451612903
category_state,2023,D6_ARM_001,agep_a,Family_I,feature_drop,,,,,,,,,,dropped_constant_equivalent,73.0,before,519.0,10.0,0.019267822736030827
category_state,2023,D6_ARM_001,agep_a,Family_I,feature_drop,,,,,,,,,,dropped_constant_equivalent,74.0,before,479.0,18.0,0.037578288100208766
category_state,2023,D6_ARM_001,agep_a,Family_I,feature_drop,,,,,,,,,,dropped_constant_equivalent,75.0,before,446.0,7.0,0.01569506726457399
category_state,2023,D6_ARM_001,agep_a,Family_I,feature_drop,,,,,,,,,,dropped_constant_equivalent,76.0,before,447.0,8.0,0.017897091722595078
category_state,2023,D6_ARM_001,agep_a,Family_I,feature_drop,,,,,,,,,,dropped_constant_equivalent,77.0,before,345.0,3.0,0.008695652173913044
category_state,2023,D6_ARM_001,agep_a,Family_I,feature_drop,,,,,,,,,,dropped_constant_equivalent,78.0,before,327.0,6.0,0.01834862385321101
category_state,2023,D6_ARM_001,agep_a,Family_I,feature_drop,,,,,,,,,,dropped_constant_equivalent,79.0,before,280.0,4.0,0.014285714285714285
category_state,2023,D6_ARM_001,agep_a,Family_I,feature_drop,,,,,,,,,,dropped_constant_equivalent,80.0,before,293.0,3.0,0.010238907849829351
category_state,2023,D6_ARM_001,agep_a,Family_I,feature_drop,,,,,,,,,,dropped_constant_equivalent,81.0,before,261.0,5.0,0.019157088122605363
category_state,2023,D6_ARM_001,agep_a,Family_I,feature_drop,,,,,,,,,,dropped_constant_equivalent,82.0,before,222.0,5.0,0.02252252252252252
category_state,2023,D6_ARM_001,agep_a,Family_I,feature_drop,,,,,,,,,,dropped_constant_equivalent,83.0,before,222.0,5.0,0.02252252252252252
category_state,2023,D6_ARM_001,agep_a,Family_I,feature_drop,,,,,,,,,,dropped_constant_equivalent,84.0,before,194.0,1.0,0.005154639175257732
category_state,2023,D6_ARM_001,agep_a,Family_I,feature_drop,,,,,,,,,,dropped_constant_equivalent,85.0,before,1098.0,11.0,0.010018214936247723
category_state,2023,D6_ARM_001,agep_a,Family_I,feature_drop,,,,,,,,,,dropped_constant_equivalent,dropped_constant_equivalent,after,29277.0,1929.0,0.06588789835024081
feature_summary,2023,D6_ARM_001,asev_a,Family_I,categorical_merge,3.0,2.0,1.0,0.0028280303889122614,7.809941159960749e-05,-0.002749930977312654,0.0023853025201896008,4.087275295991361e-06,-0.002381215244893609,merged_categories,,,,,
category_state,2023,D6_ARM_001,asev_a,Family_I,categorical_merge,,,,,,,,,,merged_categories,-1,before,29.0,3.0,0.10344827586206896
category_state,2023,D6_ARM_001,asev_a,Family_I,categorical_merge,,,,,,,,,,merged_categories,1,before,4319.0,401.0,0.09284556610326465
category_state,2023,D6_ARM_001,asev_a,Family_I,categorical_merge,,,,,,,,,,merged_categories,2,before,24929.0,1525.0,0.06117373340286413
category_state,2023,D6_ARM_001,asev_a,Family_I,categorical_merge,,,,,,,,,,merged_categories,-1,after,29.0,3.0,0.10344827586206896
category_state,2023,D6_ARM_001,asev_a,Family_I,categorical_merge,,,,,,,,,,merged_categories,2,after,29248.0,1926.0,0.06585065645514224
feature_summary,2023,D6_ARM_001,diff_a,Family_I,categorical_merge,5.0,4.0,1.0,0.0024984428899771658,0.0030764318547763718,0.000577988964799206,0.004322569860869099,0.002284658941398388,-0.0020379109194707114,merged_categories,,,,,
category_state,2023,D6_ARM_001,diff_a,Family_I,categorical_merge,,,,,,,,,,merged_categories,-1,before,6.0,0.0,0.0
category_state,2023,D6_ARM_001,diff_a,Family_I,categorical_merge,,,,,,,,,,merged_categories,1,before,22675.0,1367.0,0.060286659316427786
category_state,2023,D6_ARM_001,diff_a,Family_I,categorical_merge,,,,,,,,,,merged_categories,2,before,4673.0,371.0,0.07939225337042585
category_state,2023,D6_ARM_001,diff_a,Family_I,categorical_merge,,,,,,,,,,merged_categories,3,before,1571.0,173.0,0.11012094207511139
category_state,2023,D6_ARM_001,diff_a,Family_I,categorical_merge,,,,,,,,,,merged_categories,4,before,352.0,18.0,0.05113636363636364
category_state,2023,D6_ARM_001,diff_a,Family_I,categorical_merge,,,,,,,,,,merged_categories,-1,after,6.0,0.0,0.0
category_state,2023,D6_ARM_001,diff_a,Family_I,categorical_merge,,,,,,,,,,merged_categories,1,after,27348.0,1738.0,0.06355126517478427
category_state,2023,D6_ARM_001,diff_a,Family_I,categorical_merge,,,,,,,,,,merged_categories,3,after,1571.0,173.0,0.11012094207511139
category_state,2023,D6_ARM_001,diff_a,Family_I,categorical_merge,,,,,,,,,,merged_categories,4,after,352.0,18.0,0.05113636363636364
feature_summary,2023,D6_ARM_001,empwrkft1_a,Family_I,categorical_merge,4.0,2.0,2.0,0.0016067478208269253,2.438777444816566e-07,-0.0016065039430824435,0.011388862430783533,6.142927512275202e-05,-0.01132743315566078,merged_categories,,,,,
category_state,2023,D6_ARM_001,empwrkft1_a,Family_I,categorical_merge,,,,,,,,,,merged_categories,-2,before,1056.0,70.0,0.06628787878787878
category_state,2023,D6_ARM_001,empwrkft1_a,Family_I,categorical_merge,,,,,,,,,,merged_categories,-1,before,11887.0,635.0,0.05341970219567595
category_state,2023,D6_ARM_001,empwrkft1_a,Family_I,categorical_merge,,,,,,,,,,merged_categories,1,before,13090.0,938.0,0.07165775401069518
category_state,2023,D6_ARM_001,empwrkft1_a,Family_I,categorical_merge,,,,,,,,,,merged_categories,2,before,3244.0,286.0,0.08816276202219482
category_state,2023,D6_ARM_001,empwrkft1_a,Family_I,categorical_merge,,,,,,,,,,merged_categories,-2,after,1056.0,70.0,0.06628787878787878
category_state,2023,D6_ARM_001,empwrkft1_a,Family_I,categorical_merge,,,,,,,,,,merged_categories,1,after,28221.0,1859.0,0.0658729315049077
feature_summary,2023,D6_ARM_001,empwrklsw1_a,Family_I,categorical_merge,3.0,2.0,1.0,0.0017235577410278794,3.140597598907767e-07,-0.0017232436812679886,0.006812321363007849,8.766427299063388e-05,-0.006724657090017215,merged_categories,,,,,
category_state,2023,D6_ARM_001,empwrklsw1_a,Family_I,categorical_merge,,,,,,,,,,merged_categories,-1,before,1024.0,67.0,0.0654296875
category_state,2023,D6_ARM_001,empwrklsw1_a,Family_I,categorical_merge,,,,,,,,,,merged_categories,1,before,16366.0,1227.0,0.07497250397164854
category_state,2023,D6_ARM_001,empwrklsw1_a,Family_I,categorical_merge,,,,,,,,,,merged_categories,2,before,11887.0,635.0,0.05341970219567595
category_state,2023,D6_ARM_001,empwrklsw1_a,Family_I,categorical_merge,,,,,,,,,,merged_categories,-1,after,1024.0,67.0,0.0654296875
category_state,2023,D6_ARM_001,empwrklsw1_a,Family_I,categorical_merge,,,,,,,,,,merged_categories,1,after,28253.0,1862.0,0.06590450571620712
feature_summary,2023,D6_ARM_001,hearingdf_a,Family_I,categorical_merge,5.0,4.0,1.0,0.001108505089110644,0.0018382117989335434,0.0007297067098228993,0.002277711965922917,0.0006612137821290413,-0.0016164981837938758,merged_categories,,,,,
category_state,2023,D6_ARM_001,hearingdf_a,Family_I,categorical_merge,,,,,,,,,,merged_categories,-1,before,5.0,2.0,0.4
category_state,2023,D6_ARM_001,hearingdf_a,Family_I,categorical_merge,,,,,,,,,,merged_categories,1,before,24076.0,1525.0,0.06334108655922911
category_state,2023,D6_ARM_001,hearingdf_a,Family_I,categorical_merge,,,,,,,,,,merged_categories,2,before,4647.0,343.0,0.07381106089950505
category_state,2023,D6_ARM_001,hearingdf_a,Family_I,categorical_merge,,,,,,,,,,merged_categories,3,before,522.0,57.0,0.10919540229885058
category_state,2023,D6_ARM_001,hearingdf_a,Family_I,categorical_merge,,,,,,,,,,merged_categories,4,before,27.0,2.0,0.07407407407407407
category_state,2023,D6_ARM_001,hearingdf_a,Family_I,categorical_merge,,,,,,,,,,merged_categories,-1,after,5.0,2.0,0.4
category_state,2023,D6_ARM_001,hearingdf_a,Family_I,categorical_merge,,,,,,,,,,merged_categories,2,after,28723.0,1868.0,0.06503498938133204
category_state,2023,D6_ARM_001,hearingdf_a,Family_I,categorical_merge,,,,,,,,,,merged_categories,3,after,522.0,57.0,0.10919540229885058
category_state,2023,D6_ARM_001,hearingdf_a,Family_I,categorical_merge,,,,,,,,,,merged_categories,4,after,27.0,2.0,0.07407407407407407
feature_summary,2023,D6_ARM_001,notcov_a,Family_I,categorical_merge,3.0,2.0,1.0,0.05086728207951953,0.00017637759287322265,-0.05069090448664631,0.003202695116222347,0.0002182969791363962,-0.0029843981370859507,merged_categories,,,,,
category_state,2023,D6_ARM_001,notcov_a,Family_I,categorical_merge,,,,,,,,,,merged_categories,-1,before,82.0,3.0,0.036585365853658534
category_state,2023,D6_ARM_001,notcov_a,Family_I,categorical_merge,,,,,,,,,,merged_categories,1,before,2013.0,502.0,0.24937903626428218
category_state,2023,D6_ARM_001,notcov_a,Family_I,categorical_merge,,,,,,,,,,merged_categories,2,before,27182.0,1424.0,0.05238760944742844
category_state,2023,D6_ARM_001,notcov_a,Family_I,categorical_merge,,,,,,,,,,merged_categories,-1,after,82.0,3.0,0.036585365853658534
category_state,2023,D6_ARM_001,notcov_a,Family_I,categorical_merge,,,,,,,,,,merged_categories,1,after,29195.0,1926.0,0.06597020037677684
feature_summary,2023,D6_ARM_001,usualpl_a,Family_I,categorical_merge,4.0,3.0,1.0,0.016652143341795572,0.0006733260869393859,-0.015978817254856188,0.009067992619016293,9.773646095530745e-05,-0.008970256158060986,merged_categories,,,,,
category_state,2023,D6_ARM_001,usualpl_a,Family_I,categorical_merge,,,,,,,,,,merged_categories,-1,before,17.0,2.0,0.11764705882352941
category_state,2023,D6_ARM_001,usualpl_a,Family_I,categorical_merge,,,,,,,,,,merged_categories,1,before,25916.0,1444.0,0.05571847507331378
category_state,2023,D6_ARM_001,usualpl_a,Family_I,categorical_merge,,,,,,,,,,merged_categories,2,before,2724.0,426.0,0.15638766519823788
category_state,2023,D6_ARM_001,usualpl_a,Family_I,categorical_merge,,,,,,,,,,merged_categories,3,before,620.0,57.0,0.09193548387096774
category_state,2023,D6_ARM_001,usualpl_a,Family_I,categorical_merge,,,,,,,,,,merged_categories,-1,after,17.0,2.0,0.11764705882352941
category_state,2023,D6_ARM_001,usualpl_a,Family_I,categorical_merge,,,,,,,,,,merged_categories,2,after,28640.0,1870.0,0.06529329608938547
category_state,2023,D6_ARM_001,usualpl_a,Family_I,categorical_merge,,,,,,,,,,merged_categories,3,after,620.0,57.0,0.09193548387096774
feature_summary,2023,D6_ARM_002,asev_a,Family_I,categorical_merge,3.0,2.0,1.0,0.002856361646061908,7.777452070629329e-05,-0.0027785871253556147,0.0017098693311880305,0.00037896678439076843,-0.0013309025467972621,merged_categories,,,,,
category_state,2023,D6_ARM_002,asev_a,Family_I,categorical_merge,,,,,,,,,,merged_categories,-1,before,29.0,3.0,0.10344827586206896
category_state,2023,D6_ARM_002,asev_a,Family_I,categorical_merge,,,,,,,,,,merged_categories,1,before,4320.0,402.0,0.09305555555555556
category_state,2023,D6_ARM_002,asev_a,Family_I,categorical_merge,,,,,,,,,,merged_categories,2,before,24934.0,1526.0,0.06120157215047726
category_state,2023,D6_ARM_002,asev_a,Family_I,categorical_merge,,,,,,,,,,merged_categories,-1,after,29.0,3.0,0.10344827586206896
category_state,2023,D6_ARM_002,asev_a,Family_I,categorical_merge,,,,,,,,,,merged_categories,2,after,29254.0,1928.0,0.06590551719422985
feature_summary,2023,D6_ARM_002,empwrkft1_a,Family_I,categorical_merge,4.0,3.0,1.0,0.0016234796630872103,0.001276415515904651,-0.00034706414718255934,0.007612566918602787,0.003234188000860211,-0.004378378917742576,merged_categories,,,,,
category_state,2023,D6_ARM_002,empwrkft1_a,Family_I,categorical_merge,,,,,,,,,,merged_categories,-2,before,1057.0,70.0,0.06622516556291391
category_state,2023,D6_ARM_002,empwrkft1_a,Family_I,categorical_merge,,,,,,,,,,merged_categories,-1,before,11887.0,635.0,0.05341970219567595
category_state,2023,D6_ARM_002,empwrkft1_a,Family_I,categorical_merge,,,,,,,,,,merged_categories,1,before,13093.0,939.0,0.07171771175437257
category_state,2023,D6_ARM_002,empwrkft1_a,Family_I,categorical_merge,,,,,,,,,,merged_categories,2,before,3246.0,287.0,0.08841651263093038
category_state,2023,D6_ARM_002,empwrkft1_a,Family_I,categorical_merge,,,,,,,,,,merged_categories,-2,after,1057.0,70.0,0.06622516556291391
category_state,2023,D6_ARM_002,empwrkft1_a,Family_I,categorical_merge,,,,,,,,,,merged_categories,1,after,24980.0,1574.0,0.06301040832666133
category_state,2023,D6_ARM_002,empwrkft1_a,Family_I,categorical_merge,,,,,,,,,,merged_categories,2,after,3246.0,287.0,0.08841651263093038
feature_summary,2023,D6_ARM_002,empwrklsw1_a,Family_I,categorical_merge,3.0,2.0,1.0,0.0017378271948701898,4.977191420974054e-07,-0.0017373294757280925,0.008106175603152604,0.0029645975281360377,-0.005141578075016567,merged_categories,,,,,
category_state,2023,D6_ARM_002,empwrklsw1_a,Family_I,categorical_merge,,,,,,,,,,merged_categories,-1,before,1025.0,67.0,0.06536585365853659
category_state,2023,D6_ARM_002,empwrklsw1_a,Family_I,categorical_merge,,,,,,,,,,merged_categories,1,before,16371.0,1229.0,0.07507177325758964
category_state,2023,D6_ARM_002,empwrklsw1_a,Family_I,categorical_merge,,,,,,,,,,merged_categories,2,before,11887.0,635.0,0.05341970219567595
category_state,2023,D6_ARM_002,empwrklsw1_a,Family_I,categorical_merge,,,,,,,,,,merged_categories,-1,after,1025.0,67.0,0.06536585365853659
category_state,2023,D6_ARM_002,empwrklsw1_a,Family_I,categorical_merge,,,,,,,,,,merged_categories,1,after,28258.0,1864.0,0.06596362092150895
feature_summary,2023,D6_ARM_002,hypev_a,Family_I,categorical_merge,3.0,2.0,1.0,0.0008981027358434854,4.693869904046676e-05,-0.0008511640368030187,0.01047581445930213,0.00015915916348511837,-0.01031665529581701,merged_categories,,,,,
category_state,2023,D6_ARM_002,hypev_a,Family_I,categorical_merge,,,,,,,,,,merged_categories,-1,before,45.0,4.0,0.08888888888888889
category_state,2023,D6_ARM_002,hypev_a,Family_I,categorical_merge,,,,,,,,,,merged_categories,1,before,11019.0,627.0,0.05690171521916689
category_state,2023,D6_ARM_002,hypev_a,Family_I,categorical_merge,,,,,,,,,,merged_categories,2,before,18219.0,1300.0,0.0713540809045502
category_state,2023,D6_ARM_002,hypev_a,Family_I,categorical_merge,,,,,,,,,,merged_categories,-1,after,45.0,4.0,0.08888888888888889
category_state,2023,D6_ARM_002,hypev_a,Family_I,categorical_merge,,,,,,,,,,merged_categories,1,after,29238.0,1927.0,0.06590738080580066
feature_summary,2023,D6_ARM_002,notcov_a,Family_I,categorical_merge,3.0,2.0,1.0,0.05079298788948196,0.0001768046184025101,-0.050616183271079446,0.02634899301235123,0.00037908493271107446,-0.025969908079640155,merged_categories,,,,,
category_state,2023,D6_ARM_002,notcov_a,Family_I,categorical_merge,,,,,,,,,,merged_categories,-1,before,82.0,3.0,0.036585365853658534
category_state,2023,D6_ARM_002,notcov_a,Family_I,categorical_merge,,,,,,,,,,merged_categories,1,before,2013.0,502.0,0.24937903626428218
category_state,2023,D6_ARM_002,notcov_a,Family_I,categorical_merge,,,,,,,,,,merged_categories,2,before,27188.0,1426.0,0.052449610122112696
category_state,2023,D6_ARM_002,notcov_a,Family_I,categorical_merge,,,,,,,,,,merged_categories,-1,after,82.0,3.0,0.036585365853658534
category_state,2023,D6_ARM_002,notcov_a,Family_I,categorical_merge,,,,,,,,,,merged_categories,2,after,29201.0,1928.0,0.06602513612547516
feature_summary,2023,D6_ARM_002,pcnt18uptc,Family_I,feature_drop,3.0,1.0,2.0,0.0010336617991852073,0.0,-0.0010336617991852073,0.016162249561221722,0.0,-0.016162249561221722,dropped_constant_equivalent,,,,,
category_state,2023,D6_ARM_002,pcnt18uptc,Family_I,feature_drop,,,,,,,,,,dropped_constant_equivalent,1.0,before,10661.0,759.0,0.07119407185067067
category_state,2023,D6_ARM_002,pcnt18uptc,Family_I,feature_drop,,,,,,,,,,dropped_constant_equivalent,2.0,before,14265.0,815.0,0.05713284262180161
category_state,2023,D6_ARM_002,pcnt18uptc,Family_I,feature_drop,,,,,,,,,,dropped_constant_equivalent,3.0,before,4357.0,357.0,0.08193711269221941
category_state,2023,D6_ARM_002,pcnt18uptc,Family_I,feature_drop,,,,,,,,,,dropped_constant_equivalent,dropped_constant_equivalent,after,29283.0,1931.0,0.0659426971280265
feature_summary,2023,D6_ARM_002,region,Family_I,feature_drop,4.0,1.0,3.0,0.0020130154183379046,0.0,-0.0020130154183379046,0.04112286370516471,0.0,-0.04112286370516471,dropped_constant_equivalent,,,,,
category_state,2023,D6_ARM_002,region,Family_I,feature_drop,,,,,,,,,,dropped_constant_equivalent,1,before,4582.0,199.0,0.043430816237450896
category_state,2023,D6_ARM_002,region,Family_I,feature_drop,,,,,,,,,,dropped_constant_equivalent,2,before,6417.0,360.0,0.056100981767180924
category_state,2023,D6_ARM_002,region,Family_I,feature_drop,,,,,,,,,,dropped_constant_equivalent,3,before,10867.0,886.0,0.08153124137296403
category_state,2023,D6_ARM_002,region,Family_I,feature_drop,,,,,,,,,,dropped_constant_equivalent,4,before,7417.0,486.0,0.06552514493730618
category_state,2023,D6_ARM_002,region,Family_I,feature_drop,,,,,,,,,,dropped_constant_equivalent,dropped_constant_equivalent,after,29283.0,1931.0,0.0659426971280265
feature_summary,2023,D6_ARM_003,cogmemdff_a,Family_I,categorical_merge,5.0,4.0,1.0,0.011210371736408948,0.007747791627723618,-0.0034625801086853297,0.16905648971066534,0.023261757781264523,-0.14579473192940082,merged_categories,,,,,
category_state,2023,D6_ARM_003,cogmemdff_a,Family_I,categorical_merge,,,,,,,,,,merged_categories,-1,before,8.0,0.0,0.0
category_state,2023,D6_ARM_003,cogmemdff_a,Family_I,categorical_merge,,,,,,,,,,merged_categories,1,before,22944.0,1213.0,0.05286785216178522
category_state,2023,D6_ARM_003,cogmemdff_a,Family_I,categorical_merge,,,,,,,,,,merged_categories,2,before,5515.0,591.0,0.1071622846781505
category_state,2023,D6_ARM_003,cogmemdff_a,Family_I,categorical_merge,,,,,,,,,,merged_categories,3,before,782.0,125.0,0.159846547314578
category_state,2023,D6_ARM_003,cogmemdff_a,Family_I,categorical_merge,,,,,,,,,,merged_categories,4,before,33.0,2.0,0.06060606060606061
category_state,2023,D6_ARM_003,cogmemdff_a,Family_I,categorical_merge,,,,,,,,,,merged_categories,-1,after,8.0,0.0,0.0
category_state,2023,D6_ARM_003,cogmemdff_a,Family_I,categorical_merge,,,,,,,,,,merged_categories,1,after,23726.0,1338.0,0.056393829554075695
category_state,2023,D6_ARM_003,cogmemdff_a,Family_I,categorical_merge,,,,,,,,,,merged_categories,2,after,5515.0,591.0,0.1071622846781505
category_state,2023,D6_ARM_003,cogmemdff_a,Family_I,categorical_merge,,,,,,,,,,merged_categories,4,after,33.0,2.0,0.06060606060606061
feature_summary,2023,D6_ARM_003,diff_a,Family_I,categorical_merge,5.0,4.0,1.0,0.0024825540767057694,0.0007861797467409656,-0.0016963743299648038,0.3441420099628557,0.06597211526558161,-0.2781698946972741,merged_categories,,,,,
category_state,2023,D6_ARM_003,diff_a,Family_I,categorical_merge,,,,,,,,,,merged_categories,-1,before,5.0,0.0,0.0
category_state,2023,D6_ARM_003,diff_a,Family_I,categorical_merge,,,,,,,,,,merged_categories,1,before,22681.0,1369.0,0.06035889070146819
category_state,2023,D6_ARM_003,diff_a,Family_I,categorical_merge,,,,,,,,,,merged_categories,2,before,4673.0,371.0,0.07939225337042585
category_state,2023,D6_ARM_003,diff_a,Family_I,categorical_merge,,,,,,,,,,merged_categories,3,before,1571.0,173.0,0.11012094207511139
category_state,2023,D6_ARM_003,diff_a,Family_I,categorical_merge,,,,,,,,,,merged_categories,4,before,352.0,18.0,0.05113636363636364
category_state,2023,D6_ARM_003,diff_a,Family_I,categorical_merge,,,,,,,,,,merged_categories,-1,after,5.0,0.0,0.0
category_state,2023,D6_ARM_003,diff_a,Family_I,categorical_merge,,,,,,,,,,merged_categories,1,after,24252.0,1542.0,0.0635823849579416
category_state,2023,D6_ARM_003,diff_a,Family_I,categorical_merge,,,,,,,,,,merged_categories,2,after,4673.0,371.0,0.07939225337042585
category_state,2023,D6_ARM_003,diff_a,Family_I,categorical_merge,,,,,,,,,,merged_categories,4,after,352.0,18.0,0.05113636363636364
feature_summary,2023,D6_ARM_003,empwrkft1_a,Family_I,categorical_merge,4.0,3.0,1.0,0.0016228374776016458,0.0012761404738442712,-0.0003466970037573746,0.04614439305949433,0.0036887554304845553,-0.04245563762900978,merged_categories,,,,,
category_state,2023,D6_ARM_003,empwrkft1_a,Family_I,categorical_merge,,,,,,,,,,merged_categories,-2,before,1057.0,70.0,0.06622516556291391
category_state,2023,D6_ARM_003,empwrkft1_a,Family_I,categorical_merge,,,,,,,,,,merged_categories,-1,before,11886.0,635.0,0.05342419653373717
category_state,2023,D6_ARM_003,empwrkft1_a,Family_I,categorical_merge,,,,,,,,,,merged_categories,1,before,13093.0,939.0,0.07171771175437257
category_state,2023,D6_ARM_003,empwrkft1_a,Family_I,categorical_merge,,,,,,,,,,merged_categories,2,before,3246.0,287.0,0.08841651263093038
category_state,2023,D6_ARM_003,empwrkft1_a,Family_I,categorical_merge,,,,,,,,,,merged_categories,-2,after,1057.0,70.0,0.06622516556291391
category_state,2023,D6_ARM_003,empwrkft1_a,Family_I,categorical_merge,,,,,,,,,,merged_categories,1,after,24979.0,1574.0,0.06301293086192401
category_state,2023,D6_ARM_003,empwrkft1_a,Family_I,categorical_merge,,,,,,,,,,merged_categories,2,after,3246.0,287.0,0.08841651263093038
feature_summary,2023,D6_ARM_003,empwrklsw1_a,Family_I,categorical_merge,3.0,2.0,1.0,0.0017370168654419467,5.016072148505338e-07,-0.001736515258227096,0.05602878869069682,0.00018052419097348835,-0.055848264499723334,merged_categories,,,,,
category_state,2023,D6_ARM_003,empwrklsw1_a,Family_I,categorical_merge,,,,,,,,,,merged_categories,-1,before,1025.0,67.0,0.06536585365853659
category_state,2023,D6_ARM_003,empwrklsw1_a,Family_I,categorical_merge,,,,,,,,,,merged_categories,1,before,16371.0,1229.0,0.07507177325758964
category_state,2023,D6_ARM_003,empwrklsw1_a,Family_I,categorical_merge,,,,,,,,,,merged_categories,2,before,11886.0,635.0,0.05342419653373717
category_state,2023,D6_ARM_003,empwrklsw1_a,Family_I,categorical_merge,,,,,,,,,,merged_categories,-1,after,1025.0,67.0,0.06536585365853659
category_state,2023,D6_ARM_003,empwrklsw1_a,Family_I,categorical_merge,,,,,,,,,,merged_categories,1,after,28257.0,1864.0,0.06596595533850019
feature_summary,2023,D6_ARM_003,hypev_a,Family_I,categorical_merge,3.0,2.0,1.0,0.0009002594191022331,5.3956239134305887e-05,-0.0008463031799679272,0.03000239036734785,3.690264772865785e-05,-0.029965487719619193,merged_categories,,,,,
category_state,2023,D6_ARM_003,hypev_a,Family_I,categorical_merge,,,,,,,,,,merged_categories,-1,before,44.0,4.0,0.09090909090909091
category_state,2023,D6_ARM_003,hypev_a,Family_I,categorical_merge,,,,,,,,,,merged_categories,1,before,11019.0,627.0,0.05690171521916689
category_state,2023,D6_ARM_003,hypev_a,Family_I,categorical_merge,,,,,,,,,,merged_categories,2,before,18219.0,1300.0,0.0713540809045502
category_state,2023,D6_ARM_003,hypev_a,Family_I,categorical_merge,,,,,,,,,,merged_categories,-1,after,44.0,4.0,0.09090909090909091
category_state,2023,D6_ARM_003,hypev_a,Family_I,categorical_merge,,,,,,,,,,merged_categories,2,after,29238.0,1927.0,0.06590738080580066
feature_summary,2023,D6_ARM_004,agep_a,Family_I,feature_drop,68.0,1.0,67.0,0.006648821998226086,0.0,-0.006648821998226086,0.016271182169111557,0.0,-0.016271182169111557,dropped_constant_equivalent,,,,,
category_state,2023,D6_ARM_004,agep_a,Family_I,feature_drop,,,,,,,,,,dropped_constant_equivalent,18.0,before,222.0,5.0,0.02252252252252252
category_state,2023,D6_ARM_004,agep_a,Family_I,feature_drop,,,,,,,,,,dropped_constant_equivalent,19.0,before,206.0,9.0,0.043689320388349516
category_state,2023,D6_ARM_004,agep_a,Family_I,feature_drop,,,,,,,,,,dropped_constant_equivalent,20.0,before,209.0,19.0,0.09090909090909091
category_state,2023,D6_ARM_004,agep_a,Family_I,feature_drop,,,,,,,,,,dropped_constant_equivalent,21.0,before,254.0,18.0,0.07086614173228346
category_state,2023,D6_ARM_004,agep_a,Family_I,feature_drop,,,,,,,,,,dropped_constant_equivalent,22.0,before,277.0,21.0,0.07581227436823104
category_state,2023,D6_ARM_004,agep_a,Family_I,feature_drop,,,,,,,,,,dropped_constant_equivalent,23.0,before,336.0,38.0,0.1130952380952381
category_state,2023,D6_ARM_004,agep_a,Family_I,feature_drop,,,,,,,,,,dropped_constant_equivalent,24.0,before,345.0,33.0,0.09565217391304348
category_state,2023,D6_ARM_004,agep_a,Family_I,feature_drop,,,,,,,,,,dropped_constant_equivalent,25.0,before,357.0,31.0,0.08683473389355742
category_state,2023,D6_ARM_004,agep_a,Family_I,feature_drop,,,,,,,,,,dropped_constant_equivalent,26.0,before,387.0,38.0,0.09819121447028424
category_state,2023,D6_ARM_004,agep_a,Family_I,feature_drop,,,,,,,,,,dropped_constant_equivalent,27.0,before,380.0,37.0,0.09736842105263158
category_state,2023,D6_ARM_004,agep_a,Family_I,feature_drop,,,,,,,,,,dropped_constant_equivalent,28.0,before,386.0,38.0,0.09844559585492228
category_state,2023,D6_ARM_004,agep_a,Family_I,feature_drop,,,,,,,,,,dropped_constant_equivalent,29.0,before,408.0,50.0,0.12254901960784313
category_state,2023,D6_ARM_004,agep_a,Family_I,feature_drop,,,,,,,,,,dropped_constant_equivalent,30.0,before,449.0,45.0,0.10022271714922049
category_state,2023,D6_ARM_004,agep_a,Family_I,feature_drop,,,,,,,,,,dropped_constant_equivalent,31.0,before,450.0,43.0,0.09555555555555556
category_state,2023,D6_ARM_004,agep_a,Family_I,feature_drop,,,,,,,,,,dropped_constant_equivalent,32.0,before,499.0,54.0,0.10821643286573146
category_state,2023,D6_ARM_004,agep_a,Family_I,feature_drop,,,,,,,,,,dropped_constant_equivalent,33.0,before,443.0,38.0,0.08577878103837472
category_state,2023,D6_ARM_004,agep_a,Family_I,feature_drop,,,,,,,,,,dropped_constant_equivalent,34.0,before,468.0,49.0,0.1047008547008547
category_state,2023,D6_ARM_004,agep_a,Family_I,feature_drop,,,,,,,,,,dropped_constant_equivalent,35.0,before,465.0,48.0,0.1032258064516129
category_state,2023,D6_ARM_004,agep_a,Family_I,feature_drop,,,,,,,,,,dropped_constant_equivalent,36.0,before,501.0,48.0,0.09580838323353294
category_state,2023,D6_ARM_004,agep_a,Family_I,feature_drop,,,,,,,,,,dropped_constant_equivalent,37.0,before,430.0,35.0,0.08139534883720931
category_state,2023,D6_ARM_004,agep_a,Family_I,feature_drop,,,,,,,,,,dropped_constant_equivalent,38.0,before,456.0,39.0,0.08552631578947369
category_state,2023,D6_ARM_004,agep_a,Family_I,feature_drop,,,,,,,,,,dropped_constant_equivalent,39.0,before,465.0,27.0,0.05806451612903226
category_state,2023,D6_ARM_004,agep_a,Family_I,feature_drop,,,,,,,,,,dropped_constant_equivalent,40.0,before,470.0,44.0,0.09361702127659574
category_state,2023,D6_ARM_004,agep_a,Family_I,feature_drop,,,,,,,,,,dropped_constant_equivalent,41.0,before,452.0,36.0,0.07964601769911504
category_state,2023,D6_ARM_004,agep_a,Family_I,feature_drop,,,,,,,,,,dropped_constant_equivalent,42.0,before,385.0,27.0,0.07012987012987013
category_state,2023,D6_ARM_004,agep_a,Family_I,feature_drop,,,,,,,,,,dropped_constant_equivalent,43.0,before,433.0,38.0,0.08775981524249422
category_state,2023,D6_ARM_004,agep_a,Family_I,feature_drop,,,,,,,,,,dropped_constant_equivalent,44.0,before,440.0,35.0,0.07954545454545454
category_state,2023,D6_ARM_004,agep_a,Family_I,feature_drop,,,,,,,,,,dropped_constant_equivalent,45.0,before,398.0,34.0,0.08542713567839195
category_state,2023,D6_ARM_004,agep_a,Family_I,feature_drop,,,,,,,,,,dropped_constant_equivalent,46.0,before,401.0,40.0,0.09975062344139651
category_state,2023,D6_ARM_004,agep_a,Family_I,feature_drop,,,,,,,,,,dropped_constant_equivalent,47.0,before,363.0,35.0,0.09641873278236915
category_state,2023,D6_ARM_004,agep_a,Family_I,feature_drop,,,,,,,,,,dropped_constant_equivalent,48.0,before,376.0,37.0,0.09840425531914894
category_state,2023,D6_ARM_004,agep_a,Family_I,feature_drop,,,,,,,,,,dropped_constant_equivalent,49.0,before,390.0,25.0,0.0641025641025641
category_state,2023,D6_ARM_004,agep_a,Family_I,feature_drop,,,,,,,,,,dropped_constant_equivalent,50.0,before,381.0,32.0,0.08398950131233596
category_state,2023,D6_ARM_004,agep_a,Family_I,feature_drop,,,,,,,,,,dropped_constant_equivalent,51.0,before,426.0,44.0,0.10328638497652583
category_state,2023,D6_ARM_004,agep_a,Family_I,feature_drop,,,,,,,,,,dropped_constant_equivalent,52.0,before,418.0,43.0,0.10287081339712918
category_state,2023,D6_ARM_004,agep_a,Family_I,feature_drop,,,,,,,,,,dropped_constant_equivalent,53.0,before,456.0,45.0,0.09868421052631579
category_state,2023,D6_ARM_004,agep_a,Family_I,feature_drop,,,,,,,,,,dropped_constant_equivalent,54.0,before,494.0,27.0,0.05465587044534413
category_state,2023,D6_ARM_004,agep_a,Family_I,feature_drop,,,,,,,,,,dropped_constant_equivalent,55.0,before,484.0,43.0,0.08884297520661157
category_state,2023,D6_ARM_004,agep_a,Family_I,feature_drop,,,,,,,,,,dropped_constant_equivalent,56.0,before,428.0,41.0,0.09579439252336448
category_state,2023,D6_ARM_004,agep_a,Family_I,feature_drop,,,,,,,,,,dropped_constant_equivalent,57.0,before,434.0,39.0,0.08986175115207373
category_state,2023,D6_ARM_004,agep_a,Family_I,feature_drop,,,,,,,,,,dropped_constant_equivalent,58.0,before,491.0,34.0,0.06924643584521385
category_state,2023,D6_ARM_004,agep_a,Family_I,feature_drop,,,,,,,,,,dropped_constant_equivalent,59.0,before,496.0,37.0,0.07459677419354839
category_state,2023,D6_ARM_004,agep_a,Family_I,feature_drop,,,,,,,,,,dropped_constant_equivalent,60.0,before,519.0,41.0,0.0789980732177264
category_state,2023,D6_ARM_004,agep_a,Family_I,feature_drop,,,,,,,,,,dropped_constant_equivalent,61.0,before,520.0,27.0,0.051923076923076926
category_state,2023,D6_ARM_004,agep_a,Family_I,feature_drop,,,,,,,,,,dropped_constant_equivalent,62.0,before,550.0,37.0,0.06727272727272728
category_state,2023,D6_ARM_004,agep_a,Family_I,feature_drop,,,,,,,,,,dropped_constant_equivalent,63.0,before,553.0,38.0,0.06871609403254973
category_state,2023,D6_ARM_004,agep_a,Family_I,feature_drop,,,,,,,,,,dropped_constant_equivalent,64.0,before,526.0,35.0,0.06653992395437262
category_state,2023,D6_ARM_004,agep_a,Family_I,feature_drop,,,,,,,,,,dropped_constant_equivalent,65.0,before,592.0,37.0,0.0625
category_state,2023,D6_ARM_004,agep_a,Family_I,feature_drop,,,,,,,,,,dropped_constant_equivalent,66.0,before,549.0,28.0,0.051001821493624776
category_state,2023,D6_ARM_004,agep_a,Family_I,feature_drop,,,,,,,,,,dropped_constant_equivalent,67.0,before,608.0,20.0,0.03289473684210526
category_state,2023,D6_ARM_004,agep_a,Family_I,feature_drop,,,,,,,,,,dropped_constant_equivalent,68.0,before,591.0,22.0,0.03722504230118443
category_state,2023,D6_ARM_004,agep_a,Family_I,feature_drop,,,,,,,,,,dropped_constant_equivalent,69.0,before,523.0,15.0,0.028680688336520075
category_state,2023,D6_ARM_004,agep_a,Family_I,feature_drop,,,,,,,,,,dropped_constant_equivalent,70.0,before,561.0,20.0,0.035650623885918005
category_state,2023,D6_ARM_004,agep_a,Family_I,feature_drop,,,,,,,,,,dropped_constant_equivalent,71.0,before,521.0,9.0,0.01727447216890595
category_state,2023,D6_ARM_004,agep_a,Family_I,feature_drop,,,,,,,,,,dropped_constant_equivalent,72.0,before,527.0,17.0,0.03225806451612903
category_state,2023,D6_ARM_004,agep_a,Family_I,feature_drop,,,,,,,,,,dropped_constant_equivalent,73.0,before,519.0,10.0,0.019267822736030827
category_state,2023,D6_ARM_004,agep_a,Family_I,feature_drop,,,,,,,,,,dropped_constant_equivalent,74.0,before,479.0,18.0,0.037578288100208766
category_state,2023,D6_ARM_004,agep_a,Family_I,feature_drop,,,,,,,,,,dropped_constant_equivalent,75.0,before,446.0,7.0,0.01569506726457399
category_state,2023,D6_ARM_004,agep_a,Family_I,feature_drop,,,,,,,,,,dropped_constant_equivalent,76.0,before,447.0,8.0,0.017897091722595078
category_state,2023,D6_ARM_004,agep_a,Family_I,feature_drop,,,,,,,,,,dropped_constant_equivalent,77.0,before,345.0,3.0,0.008695652173913044
category_state,2023,D6_ARM_004,agep_a,Family_I,feature_drop,,,,,,,,,,dropped_constant_equivalent,78.0,before,327.0,6.0,0.01834862385321101
category_state,2023,D6_ARM_004,agep_a,Family_I,feature_drop,,,,,,,,,,dropped_constant_equivalent,79.0,before,280.0,4.0,0.014285714285714285
category_state,2023,D6_ARM_004,agep_a,Family_I,feature_drop,,,,,,,,,,dropped_constant_equivalent,80.0,before,293.0,3.0,0.010238907849829351
category_state,2023,D6_ARM_004,agep_a,Family_I,feature_drop,,,,,,,,,,dropped_constant_equivalent,81.0,before,261.0,5.0,0.019157088122605363
category_state,2023,D6_ARM_004,agep_a,Family_I,feature_drop,,,,,,,,,,dropped_constant_equivalent,82.0,before,222.0,5.0,0.02252252252252252
category_state,2023,D6_ARM_004,agep_a,Family_I,feature_drop,,,,,,,,,,dropped_constant_equivalent,83.0,before,222.0,5.0,0.02252252252252252
category_state,2023,D6_ARM_004,agep_a,Family_I,feature_drop,,,,,,,,,,dropped_constant_equivalent,84.0,before,194.0,1.0,0.005154639175257732
category_state,2023,D6_ARM_004,agep_a,Family_I,feature_drop,,,,,,,,,,dropped_constant_equivalent,85.0,before,1098.0,11.0,0.010018214936247723
category_state,2023,D6_ARM_004,agep_a,Family_I,feature_drop,,,,,,,,,,dropped_constant_equivalent,dropped_constant_equivalent,after,29282.0,1931.0,0.06594494911549757
feature_summary,2023,D6_ARM_004,chlev_a,Family_I,categorical_merge,3.0,2.0,1.0,0.0009623393933116992,0.00015286215074355165,-0.0008094772425681475,0.015287391469061058,0.0011852160544284912,-0.014102175414632568,merged_categories,,,,,
category_state,2023,D6_ARM_004,chlev_a,Family_I,categorical_merge,,,,,,,,,,merged_categories,-1,before,82.0,8.0,0.0975609756097561
category_state,2023,D6_ARM_004,chlev_a,Family_I,categorical_merge,,,,,,,,,,merged_categories,1,before,9536.0,532.0,0.05578859060402685
category_state,2023,D6_ARM_004,chlev_a,Family_I,categorical_merge,,,,,,,,,,merged_categories,2,before,19664.0,1391.0,0.07073840520748575
category_state,2023,D6_ARM_004,chlev_a,Family_I,categorical_merge,,,,,,,,,,merged_categories,-1,after,82.0,8.0,0.0975609756097561
category_state,2023,D6_ARM_004,chlev_a,Family_I,categorical_merge,,,,,,,,,,merged_categories,2,after,29200.0,1923.0,0.06585616438356165
feature_summary,2023,D6_ARM_004,dibev_a,Family_I,categorical_merge,3.0,2.0,1.0,4.693591461699585e-05,6.620367160448898e-06,-4.0315547456546956e-05,0.032733433593545413,0.0003234355806196468,-0.03240999801292577,merged_categories,,,,,
category_state,2023,D6_ARM_004,dibev_a,Family_I,categorical_merge,,,,,,,,,,merged_categories,-1,before,26.0,2.0,0.07692307692307693
category_state,2023,D6_ARM_004,dibev_a,Family_I,categorical_merge,,,,,,,,,,merged_categories,1,before,3263.0,227.0,0.0695678823168863
category_state,2023,D6_ARM_004,dibev_a,Family_I,categorical_merge,,,,,,,,,,merged_categories,2,before,25993.0,1702.0,0.06547916746816451
category_state,2023,D6_ARM_004,dibev_a,Family_I,categorical_merge,,,,,,,,,,merged_categories,-1,after,26.0,2.0,0.07692307692307693
category_state,2023,D6_ARM_004,dibev_a,Family_I,categorical_merge,,,,,,,,,,merged_categories,2,after,29256.0,1929.0,0.065935192780968
feature_summary,2023,D6_ARM_004,empwrkft1_a,Family_I,categorical_merge,4.0,3.0,1.0,0.0016228374776016458,0.0012761404738442712,-0.0003466970037573746,0.04614439305949433,0.0036887554304845553,-0.04245563762900978,merged_categories,,,,,
category_state,2023,D6_ARM_004,empwrkft1_a,Family_I,categorical_merge,,,,,,,,,,merged_categories,-2,before,1057.0,70.0,0.06622516556291391
category_state,2023,D6_ARM_004,empwrkft1_a,Family_I,categorical_merge,,,,,,,,,,merged_categories,-1,before,11886.0,635.0,0.05342419653373717
category_state,2023,D6_ARM_004,empwrkft1_a,Family_I,categorical_merge,,,,,,,,,,merged_categories,1,before,13093.0,939.0,0.07171771175437257
category_state,2023,D6_ARM_004,empwrkft1_a,Family_I,categorical_merge,,,,,,,,,,merged_categories,2,before,3246.0,287.0,0.08841651263093038
category_state,2023,D6_ARM_004,empwrkft1_a,Family_I,categorical_merge,,,,,,,,,,merged_categories,-2,after,1057.0,70.0,0.06622516556291391
category_state,2023,D6_ARM_004,empwrkft1_a,Family_I,categorical_merge,,,,,,,,,,merged_categories,1,after,24979.0,1574.0,0.06301293086192401
category_state,2023,D6_ARM_004,empwrkft1_a,Family_I,categorical_merge,,,,,,,,,,merged_categories,2,after,3246.0,287.0,0.08841651263093038
feature_summary,2023,D6_ARM_004,empwrklsw1_a,Family_I,categorical_merge,3.0,2.0,1.0,0.0017370168654419467,5.016072148505338e-07,-0.001736515258227096,0.05602878869069682,0.00018052419097348835,-0.055848264499723334,merged_categories,,,,,
category_state,2023,D6_ARM_004,empwrklsw1_a,Family_I,categorical_merge,,,,,,,,,,merged_categories,-1,before,1025.0,67.0,0.06536585365853659
category_state,2023,D6_ARM_004,empwrklsw1_a,Family_I,categorical_merge,,,,,,,,,,merged_categories,1,before,16371.0,1229.0,0.07507177325758964
category_state,2023,D6_ARM_004,empwrklsw1_a,Family_I,categorical_merge,,,,,,,,,,merged_categories,2,before,11886.0,635.0,0.05342419653373717
category_state,2023,D6_ARM_004,empwrklsw1_a,Family_I,categorical_merge,,,,,,,,,,merged_categories,-1,after,1025.0,67.0,0.06536585365853659
category_state,2023,D6_ARM_004,empwrklsw1_a,Family_I,categorical_merge,,,,,,,,,,merged_categories,1,after,28257.0,1864.0,0.06596595533850019
feature_summary,2023,D6_ARM_004,hypev_a,Family_I,categorical_merge,3.0,2.0,1.0,0.0009002594191022331,5.3956239134305887e-05,-0.0008463031799679272,0.03000239036734785,3.690264772865785e-05,-0.029965487719619193,merged_categories,,,,,
category_state,2023,D6_ARM_004,hypev_a,Family_I,categorical_merge,,,,,,,,,,merged_categories,-1,before,44.0,4.0,0.09090909090909091
category_state,2023,D6_ARM_004,hypev_a,Family_I,categorical_merge,,,,,,,,,,merged_categories,1,before,11019.0,627.0,0.05690171521916689
category_state,2023,D6_ARM_004,hypev_a,Family_I,categorical_merge,,,,,,,,,,merged_categories,2,before,18219.0,1300.0,0.0713540809045502
category_state,2023,D6_ARM_004,hypev_a,Family_I,categorical_merge,,,,,,,,,,merged_categories,-1,after,44.0,4.0,0.09090909090909091
category_state,2023,D6_ARM_004,hypev_a,Family_I,categorical_merge,,,,,,,,,,merged_categories,2,after,29238.0,1927.0,0.06590738080580066
feature_summary,2023,D6_ARM_004,phstat_a,Family_I,categorical_merge,6.0,4.0,2.0,0.007216547335186716,0.000618334116743381,-0.006598213218443335,0.07640392188385627,0.00021481054565431086,-0.07618911133820196,merged_categories,,,,,
category_state,2023,D6_ARM_004,phstat_a,Family_I,categorical_merge,,,,,,,,,,merged_categories,-1,before,18.0,2.0,0.1111111111111111
category_state,2023,D6_ARM_004,phstat_a,Family_I,categorical_merge,,,,,,,,,,merged_categories,1,before,5989.0,232.0,0.03873768575722157
category_state,2023,D6_ARM_004,phstat_a,Family_I,categorical_merge,,,,,,,,,,merged_categories,2,before,9819.0,468.0,0.04766269477543538
category_state,2023,D6_ARM_004,phstat_a,Family_I,categorical_merge,,,,,,,,,,merged_categories,3,before,8667.0,655.0,0.07557401638398523
category_state,2023,D6_ARM_004,phstat_a,Family_I,categorical_merge,,,,,,,,,,merged_categories,4,before,3690.0,404.0,0.10948509485094851
category_state,2023,D6_ARM_004,phstat_a,Family_I,categorical_merge,,,,,,,,,,merged_categories,5,before,1099.0,170.0,0.15468607825295724
category_state,2023,D6_ARM_004,phstat_a,Family_I,categorical_merge,,,,,,,,,,merged_categories,-1,after,18.0,2.0,0.1111111111111111
category_state,2023,D6_ARM_004,phstat_a,Family_I,categorical_merge,,,,,,,,,,merged_categories,1,after,7088.0,402.0,0.0567155756207675
category_state,2023,D6_ARM_004,phstat_a,Family_I,categorical_merge,,,,,,,,,,merged_categories,2,after,13509.0,872.0,0.06454955955289067
category_state,2023,D6_ARM_004,phstat_a,Family_I,categorical_merge,,,,,,,,,,merged_categories,3,after,8667.0,655.0,0.07557401638398523
feature_summary,2024,D6_ARM_001,agep_a,Family_I,feature_drop,68.0,1.0,67.0,0.00936368376235761,0.0,-0.00936368376235761,0.0009768778673558674,0.0,-0.0009768778673558674,dropped_constant_equivalent,,,,,
category_state,2024,D6_ARM_001,agep_a,Family_I,feature_drop,,,,,,,,,,dropped_constant_equivalent,18.0,before,234.0,7.0,0.029914529914529916
category_state,2024,D6_ARM_001,agep_a,Family_I,feature_drop,,,,,,,,,,dropped_constant_equivalent,19.0,before,234.0,11.0,0.04700854700854701
category_state,2024,D6_ARM_001,agep_a,Family_I,feature_drop,,,,,,,,,,dropped_constant_equivalent,20.0,before,254.0,21.0,0.08267716535433071
category_state,2024,D6_ARM_001,agep_a,Family_I,feature_drop,,,,,,,,,,dropped_constant_equivalent,21.0,before,251.0,20.0,0.0796812749003984
category_state,2024,D6_ARM_001,agep_a,Family_I,feature_drop,,,,,,,,,,dropped_constant_equivalent,22.0,before,298.0,37.0,0.12416107382550336
category_state,2024,D6_ARM_001,agep_a,Family_I,feature_drop,,,,,,,,,,dropped_constant_equivalent,23.0,before,367.0,33.0,0.08991825613079019
category_state,2024,D6_ARM_001,agep_a,Family_I,feature_drop,,,,,,,,,,dropped_constant_equivalent,24.0,before,356.0,44.0,0.12359550561797752
category_state,2024,D6_ARM_001,agep_a,Family_I,feature_drop,,,,,,,,,,dropped_constant_equivalent,25.0,before,372.0,47.0,0.12634408602150538
category_state,2024,D6_ARM_001,agep_a,Family_I,feature_drop,,,,,,,,,,dropped_constant_equivalent,26.0,before,420.0,62.0,0.14761904761904762
category_state,2024,D6_ARM_001,agep_a,Family_I,feature_drop,,,,,,,,,,dropped_constant_equivalent,27.0,before,418.0,62.0,0.14832535885167464
category_state,2024,D6_ARM_001,agep_a,Family_I,feature_drop,,,,,,,,,,dropped_constant_equivalent,28.0,before,423.0,59.0,0.13947990543735225
category_state,2024,D6_ARM_001,agep_a,Family_I,feature_drop,,,,,,,,,,dropped_constant_equivalent,29.0,before,422.0,61.0,0.14454976303317535
category_state,2024,D6_ARM_001,agep_a,Family_I,feature_drop,,,,,,,,,,dropped_constant_equivalent,30.0,before,496.0,53.0,0.10685483870967742
category_state,2024,D6_ARM_001,agep_a,Family_I,feature_drop,,,,,,,,,,dropped_constant_equivalent,31.0,before,475.0,59.0,0.12421052631578948
category_state,2024,D6_ARM_001,agep_a,Family_I,feature_drop,,,,,,,,,,dropped_constant_equivalent,32.0,before,528.0,52.0,0.09848484848484848
category_state,2024,D6_ARM_001,agep_a,Family_I,feature_drop,,,,,,,,,,dropped_constant_equivalent,33.0,before,532.0,61.0,0.11466165413533834
category_state,2024,D6_ARM_001,agep_a,Family_I,feature_drop,,,,,,,,,,dropped_constant_equivalent,34.0,before,540.0,65.0,0.12037037037037036
category_state,2024,D6_ARM_001,agep_a,Family_I,feature_drop,,,,,,,,,,dropped_constant_equivalent,35.0,before,576.0,72.0,0.125
category_state,2024,D6_ARM_001,agep_a,Family_I,feature_drop,,,,,,,,,,dropped_constant_equivalent,36.0,before,491.0,59.0,0.12016293279022404
category_state,2024,D6_ARM_001,agep_a,Family_I,feature_drop,,,,,,,,,,dropped_constant_equivalent,37.0,before,527.0,52.0,0.09867172675521822
category_state,2024,D6_ARM_001,agep_a,Family_I,feature_drop,,,,,,,,,,dropped_constant_equivalent,38.0,before,543.0,54.0,0.09944751381215469
category_state,2024,D6_ARM_001,agep_a,Family_I,feature_drop,,,,,,,,,,dropped_constant_equivalent,39.0,before,514.0,55.0,0.10700389105058365
category_state,2024,D6_ARM_001,agep_a,Family_I,feature_drop,,,,,,,,,,dropped_constant_equivalent,40.0,before,452.0,47.0,0.10398230088495575
category_state,2024,D6_ARM_001,agep_a,Family_I,feature_drop,,,,,,,,,,dropped_constant_equivalent,41.0,before,457.0,47.0,0.10284463894967177
category_state,2024,D6_ARM_001,agep_a,Family_I,feature_drop,,,,,,,,,,dropped_constant_equivalent,42.0,before,496.0,49.0,0.09879032258064516
category_state,2024,D6_ARM_001,agep_a,Family_I,feature_drop,,,,,,,,,,dropped_constant_equivalent,43.0,before,480.0,45.0,0.09375
category_state,2024,D6_ARM_001,agep_a,Family_I,feature_drop,,,,,,,,,,dropped_constant_equivalent,44.0,before,483.0,43.0,0.08902691511387163
category_state,2024,D6_ARM_001,agep_a,Family_I,feature_drop,,,,,,,,,,dropped_constant_equivalent,45.0,before,426.0,57.0,0.13380281690140844
category_state,2024,D6_ARM_001,agep_a,Family_I,feature_drop,,,,,,,,,,dropped_constant_equivalent,46.0,before,437.0,61.0,0.13958810068649885
category_state,2024,D6_ARM_001,agep_a,Family_I,feature_drop,,,,,,,,,,dropped_constant_equivalent,47.0,before,447.0,39.0,0.087248322147651
category_state,2024,D6_ARM_001,agep_a,Family_I,feature_drop,,,,,,,,,,dropped_constant_equivalent,48.0,before,386.0,44.0,0.11398963730569948
category_state,2024,D6_ARM_001,agep_a,Family_I,feature_drop,,,,,,,,,,dropped_constant_equivalent,49.0,before,446.0,50.0,0.11210762331838565
category_state,2024,D6_ARM_001,agep_a,Family_I,feature_drop,,,,,,,,,,dropped_constant_equivalent,50.0,before,420.0,50.0,0.11904761904761904
category_state,2024,D6_ARM_001,agep_a,Family_I,feature_drop,,,,,,,,,,dropped_constant_equivalent,51.0,before,440.0,52.0,0.11818181818181818
category_state,2024,D6_ARM_001,agep_a,Family_I,feature_drop,,,,,,,,,,dropped_constant_equivalent,52.0,before,460.0,46.0,0.1
category_state,2024,D6_ARM_001,agep_a,Family_I,feature_drop,,,,,,,,,,dropped_constant_equivalent,53.0,before,477.0,55.0,0.11530398322851153
category_state,2024,D6_ARM_001,agep_a,Family_I,feature_drop,,,,,,,,,,dropped_constant_equivalent,54.0,before,520.0,44.0,0.08461538461538462
category_state,2024,D6_ARM_001,agep_a,Family_I,feature_drop,,,,,,,,,,dropped_constant_equivalent,55.0,before,493.0,51.0,0.10344827586206896
category_state,2024,D6_ARM_001,agep_a,Family_I,feature_drop,,,,,,,,,,dropped_constant_equivalent,56.0,before,472.0,39.0,0.0826271186440678
category_state,2024,D6_ARM_001,agep_a,Family_I,feature_drop,,,,,,,,,,dropped_constant_equivalent,57.0,before,452.0,50.0,0.11061946902654868
category_state,2024,D6_ARM_001,agep_a,Family_I,feature_drop,,,,,,,,,,dropped_constant_equivalent,58.0,before,509.0,36.0,0.07072691552062868
category_state,2024,D6_ARM_001,agep_a,Family_I,feature_drop,,,,,,,,,,dropped_constant_equivalent,59.0,before,511.0,54.0,0.10567514677103718
category_state,2024,D6_ARM_001,agep_a,Family_I,feature_drop,,,,,,,,,,dropped_constant_equivalent,60.0,before,601.0,59.0,0.09816971713810316
category_state,2024,D6_ARM_001,agep_a,Family_I,feature_drop,,,,,,,,,,dropped_constant_equivalent,61.0,before,602.0,58.0,0.09634551495016612
category_state,2024,D6_ARM_001,agep_a,Family_I,feature_drop,,,,,,,,,,dropped_constant_equivalent,62.0,before,605.0,52.0,0.0859504132231405
category_state,2024,D6_ARM_001,agep_a,Family_I,feature_drop,,,,,,,,,,dropped_constant_equivalent,63.0,before,597.0,55.0,0.09212730318257957
category_state,2024,D6_ARM_001,agep_a,Family_I,feature_drop,,,,,,,,,,dropped_constant_equivalent,64.0,before,576.0,52.0,0.09027777777777778
category_state,2024,D6_ARM_001,agep_a,Family_I,feature_drop,,,,,,,,,,dropped_constant_equivalent,65.0,before,618.0,30.0,0.04854368932038835
category_state,2024,D6_ARM_001,agep_a,Family_I,feature_drop,,,,,,,,,,dropped_constant_equivalent,66.0,before,640.0,18.0,0.028125
category_state,2024,D6_ARM_001,agep_a,Family_I,feature_drop,,,,,,,,,,dropped_constant_equivalent,67.0,before,713.0,24.0,0.033660589060308554
category_state,2024,D6_ARM_001,agep_a,Family_I,feature_drop,,,,,,,,,,dropped_constant_equivalent,68.0,before,580.0,28.0,0.04827586206896552
category_state,2024,D6_ARM_001,agep_a,Family_I,feature_drop,,,,,,,,,,dropped_constant_equivalent,69.0,before,639.0,19.0,0.0297339593114241
category_state,2024,D6_ARM_001,agep_a,Family_I,feature_drop,,,,,,,,,,dropped_constant_equivalent,70.0,before,578.0,21.0,0.03633217993079585
category_state,2024,D6_ARM_001,agep_a,Family_I,feature_drop,,,,,,,,,,dropped_constant_equivalent,71.0,before,578.0,26.0,0.04498269896193772
category_state,2024,D6_ARM_001,agep_a,Family_I,feature_drop,,,,,,,,,,dropped_constant_equivalent,72.0,before,602.0,14.0,0.023255813953488372
category_state,2024,D6_ARM_001,agep_a,Family_I,feature_drop,,,,,,,,,,dropped_constant_equivalent,73.0,before,524.0,9.0,0.01717557251908397
category_state,2024,D6_ARM_001,agep_a,Family_I,feature_drop,,,,,,,,,,dropped_constant_equivalent,74.0,before,478.0,16.0,0.03347280334728033
category_state,2024,D6_ARM_001,agep_a,Family_I,feature_drop,,,,,,,,,,dropped_constant_equivalent,75.0,before,531.0,11.0,0.02071563088512241
category_state,2024,D6_ARM_001,agep_a,Family_I,feature_drop,,,,,,,,,,dropped_constant_equivalent,76.0,before,484.0,8.0,0.01652892561983471
category_state,2024,D6_ARM_001,agep_a,Family_I,feature_drop,,,,,,,,,,dropped_constant_equivalent,77.0,before,516.0,14.0,0.027131782945736434
category_state,2024,D6_ARM_001,agep_a,Family_I,feature_drop,,,,,,,,,,dropped_constant_equivalent,78.0,before,408.0,7.0,0.01715686274509804
category_state,2024,D6_ARM_001,agep_a,Family_I,feature_drop,,,,,,,,,,dropped_constant_equivalent,79.0,before,354.0,4.0,0.011299435028248588
category_state,2024,D6_ARM_001,agep_a,Family_I,feature_drop,,,,,,,,,,dropped_constant_equivalent,80.0,before,336.0,7.0,0.020833333333333332
category_state,2024,D6_ARM_001,agep_a,Family_I,feature_drop,,,,,,,,,,dropped_constant_equivalent,81.0,before,353.0,8.0,0.0226628895184136
category_state,2024,D6_ARM_001,agep_a,Family_I,feature_drop,,,,,,,,,,dropped_constant_equivalent,82.0,before,284.0,4.0,0.014084507042253521
category_state,2024,D6_ARM_001,agep_a,Family_I,feature_drop,,,,,,,,,,dropped_constant_equivalent,83.0,before,235.0,1.0,0.00425531914893617
category_state,2024,D6_ARM_001,agep_a,Family_I,feature_drop,,,,,,,,,,dropped_constant_equivalent,84.0,before,207.0,2.0,0.00966183574879227
category_state,2024,D6_ARM_001,agep_a,Family_I,feature_drop,,,,,,,,,,dropped_constant_equivalent,85.0,before,1176.0,11.0,0.00935374149659864
category_state,2024,D6_ARM_001,agep_a,Family_I,feature_drop,,,,,,,,,,dropped_constant_equivalent,dropped_constant_equivalent,after,32350.0,2563.0,0.07922720247295209
feature_summary,2024,D6_ARM_001,asev_a,Family_I,categorical_merge,3.0,2.0,1.0,0.003563275781336922,1.0940057867574463e-06,-0.0035621817755501647,0.0022469696433132084,8.582430648589103e-05,-0.0021611453368273175,merged_categories,,,,,
category_state,2024,D6_ARM_001,asev_a,Family_I,categorical_merge,,,,,,,,,,merged_categories,-1,before,27.0,2.0,0.07407407407407407
category_state,2024,D6_ARM_001,asev_a,Family_I,categorical_merge,,,,,,,,,,merged_categories,1,before,4768.0,540.0,0.11325503355704698
category_state,2024,D6_ARM_001,asev_a,Family_I,categorical_merge,,,,,,,,,,merged_categories,2,before,27555.0,2021.0,0.07334422064960987
category_state,2024,D6_ARM_001,asev_a,Family_I,categorical_merge,,,,,,,,,,merged_categories,-1,after,27.0,2.0,0.07407407407407407
category_state,2024,D6_ARM_001,asev_a,Family_I,categorical_merge,,,,,,,,,,merged_categories,2,after,32323.0,2561.0,0.0792315069764564
feature_summary,2024,D6_ARM_001,diff_a,Family_I,categorical_merge,5.0,4.0,1.0,0.0015172158675255678,0.0013708813261808274,-0.00014633454134474044,0.005276258952743495,0.0028546292286111834,-0.0024216297241323116,merged_categories,,,,,
category_state,2024,D6_ARM_001,diff_a,Family_I,categorical_merge,,,,,,,,,,merged_categories,-1,before,12.0,1.0,0.08333333333333333
category_state,2024,D6_ARM_001,diff_a,Family_I,categorical_merge,,,,,,,,,,merged_categories,1,before,25105.0,1868.0,0.07440748854809799
category_state,2024,D6_ARM_001,diff_a,Family_I,categorical_merge,,,,,,,,,,merged_categories,2,before,4929.0,468.0,0.09494826536822885
category_state,2024,D6_ARM_001,diff_a,Family_I,categorical_merge,,,,,,,,,,merged_categories,3,before,1819.0,199.0,0.10940076965365586
category_state,2024,D6_ARM_001,diff_a,Family_I,categorical_merge,,,,,,,,,,merged_categories,4,before,485.0,27.0,0.05567010309278351
category_state,2024,D6_ARM_001,diff_a,Family_I,categorical_merge,,,,,,,,,,merged_categories,-1,after,12.0,1.0,0.08333333333333333
category_state,2024,D6_ARM_001,diff_a,Family_I,categorical_merge,,,,,,,,,,merged_categories,1,after,30034.0,2336.0,0.0777785176799627
category_state,2024,D6_ARM_001,diff_a,Family_I,categorical_merge,,,,,,,,,,merged_categories,3,after,1819.0,199.0,0.10940076965365586
category_state,2024,D6_ARM_001,diff_a,Family_I,categorical_merge,,,,,,,,,,merged_categories,4,after,485.0,27.0,0.05567010309278351
feature_summary,2024,D6_ARM_001,empwrkft1_a,Family_I,categorical_merge,4.0,2.0,2.0,0.004011793536861662,1.2188339935540441e-05,-0.003999605196926122,0.011123724048484239,1.5895005199097954e-05,-0.01110782904328514,merged_categories,,,,,
category_state,2024,D6_ARM_001,empwrkft1_a,Family_I,categorical_merge,,,,,,,,,,merged_categories,-2,before,989.0,75.0,0.07583417593528817
category_state,2024,D6_ARM_001,empwrkft1_a,Family_I,categorical_merge,,,,,,,,,,merged_categories,-1,before,13344.0,751.0,0.05627997601918465
category_state,2024,D6_ARM_001,empwrkft1_a,Family_I,categorical_merge,,,,,,,,,,merged_categories,1,before,14379.0,1372.0,0.09541692746366229
category_state,2024,D6_ARM_001,empwrkft1_a,Family_I,categorical_merge,,,,,,,,,,merged_categories,2,before,3638.0,365.0,0.10032985156679494
category_state,2024,D6_ARM_001,empwrkft1_a,Family_I,categorical_merge,,,,,,,,,,merged_categories,-2,after,989.0,75.0,0.07583417593528817
category_state,2024,D6_ARM_001,empwrkft1_a,Family_I,categorical_merge,,,,,,,,,,merged_categories,1,after,31361.0,2488.0,0.07933420490418035
feature_summary,2024,D6_ARM_001,empwrklsw1_a,Family_I,categorical_merge,3.0,2.0,1.0,0.005044841038822756,1.3922821528185218e-05,-0.005030918217294571,0.0063697373640968285,1.7772714779798967e-05,-0.00635196464931703,merged_categories,,,,,
category_state,2024,D6_ARM_001,empwrklsw1_a,Family_I,categorical_merge,,,,,,,,,,merged_categories,-1,before,966.0,73.0,0.07556935817805382
category_state,2024,D6_ARM_001,empwrklsw1_a,Family_I,categorical_merge,,,,,,,,,,merged_categories,1,before,18040.0,1739.0,0.09639689578713968
category_state,2024,D6_ARM_001,empwrklsw1_a,Family_I,categorical_merge,,,,,,,,,,merged_categories,2,before,13344.0,751.0,0.05627997601918465
category_state,2024,D6_ARM_001,empwrklsw1_a,Family_I,categorical_merge,,,,,,,,,,merged_categories,-1,after,966.0,73.0,0.07556935817805382
category_state,2024,D6_ARM_001,empwrklsw1_a,Family_I,categorical_merge,,,,,,,,,,merged_categories,1,after,31384.0,2490.0,0.07933979097629365
feature_summary,2024,D6_ARM_001,hearingdf_a,Family_I,categorical_merge,5.0,4.0,1.0,0.0008034184264792659,0.0008328175202231389,2.9399093743872956e-05,0.0023449781814792988,0.0006109313401460679,-0.0017340468413332309,merged_categories,,,,,
category_state,2024,D6_ARM_001,hearingdf_a,Family_I,categorical_merge,,,,,,,,,,merged_categories,-1,before,15.0,3.0,0.2
category_state,2024,D6_ARM_001,hearingdf_a,Family_I,categorical_merge,,,,,,,,,,merged_categories,1,before,26344.0,2009.0,0.076260249013058
category_state,2024,D6_ARM_001,hearingdf_a,Family_I,categorical_merge,,,,,,,,,,merged_categories,2,before,5401.0,486.0,0.08998333641918163
category_state,2024,D6_ARM_001,hearingdf_a,Family_I,categorical_merge,,,,,,,,,,merged_categories,3,before,559.0,63.0,0.11270125223613596
category_state,2024,D6_ARM_001,hearingdf_a,Family_I,categorical_merge,,,,,,,,,,merged_categories,4,before,31.0,2.0,0.06451612903225806
category_state,2024,D6_ARM_001,hearingdf_a,Family_I,categorical_merge,,,,,,,,,,merged_categories,-1,after,15.0,3.0,0.2
category_state,2024,D6_ARM_001,hearingdf_a,Family_I,categorical_merge,,,,,,,,,,merged_categories,2,after,31745.0,2495.0,0.07859505433926603
category_state,2024,D6_ARM_001,hearingdf_a,Family_I,categorical_merge,,,,,,,,,,merged_categories,3,after,559.0,63.0,0.11270125223613596
category_state,2024,D6_ARM_001,hearingdf_a,Family_I,categorical_merge,,,,,,,,,,merged_categories,4,after,31.0,2.0,0.06451612903225806
feature_summary,2024,D6_ARM_001,notcov_a,Family_I,categorical_merge,3.0,2.0,1.0,0.04613676700232656,5.660914850675684e-05,-0.0460801578538198,0.002648439959810793,0.00015120719692235577,-0.0024972327628884376,merged_categories,,,,,
category_state,2024,D6_ARM_001,notcov_a,Family_I,categorical_merge,,,,,,,,,,merged_categories,-1,before,78.0,8.0,0.10256410256410256
category_state,2024,D6_ARM_001,notcov_a,Family_I,categorical_merge,,,,,,,,,,merged_categories,1,before,2295.0,615.0,0.2679738562091503
category_state,2024,D6_ARM_001,notcov_a,Family_I,categorical_merge,,,,,,,,,,merged_categories,2,before,29977.0,1940.0,0.06471628248323714
category_state,2024,D6_ARM_001,notcov_a,Family_I,categorical_merge,,,,,,,,,,merged_categories,-1,after,78.0,8.0,0.10256410256410256
category_state,2024,D6_ARM_001,notcov_a,Family_I,categorical_merge,,,,,,,,,,merged_categories,1,after,32272.0,2555.0,0.07917079821517105
feature_summary,2024,D6_ARM_001,usualpl_a,Family_I,categorical_merge,4.0,3.0,1.0,0.010067163732321574,0.00039842083292733975,-0.009668742899394234,0.009995965731256684,0.00018993031497613647,-0.009806035416280548,merged_categories,,,,,
category_state,2024,D6_ARM_001,usualpl_a,Family_I,categorical_merge,,,,,,,,,,merged_categories,-1,before,28.0,3.0,0.10714285714285714
category_state,2024,D6_ARM_001,usualpl_a,Family_I,categorical_merge,,,,,,,,,,merged_categories,1,before,28876.0,2053.0,0.07109710486216927
category_state,2024,D6_ARM_001,usualpl_a,Family_I,categorical_merge,,,,,,,,,,merged_categories,2,before,2729.0,434.0,0.15903261267863686
category_state,2024,D6_ARM_001,usualpl_a,Family_I,categorical_merge,,,,,,,,,,merged_categories,3,before,717.0,73.0,0.10181311018131102
category_state,2024,D6_ARM_001,usualpl_a,Family_I,categorical_merge,,,,,,,,,,merged_categories,-1,after,28.0,3.0,0.10714285714285714
category_state,2024,D6_ARM_001,usualpl_a,Family_I,categorical_merge,,,,,,,,,,merged_categories,2,after,31605.0,2487.0,0.07869008068343616
category_state,2024,D6_ARM_001,usualpl_a,Family_I,categorical_merge,,,,,,,,,,merged_categories,3,after,717.0,73.0,0.10181311018131102
feature_summary,2024,D6_ARM_002,asev_a,Family_I,categorical_merge,3.0,2.0,1.0,0.003592039636828196,1.1014397801626761e-06,-0.0035909381970480334,0.002233700439438393,0.0003621032978333769,-0.0018715971416050164,merged_categories,,,,,
category_state,2024,D6_ARM_002,asev_a,Family_I,categorical_merge,,,,,,,,,,merged_categories,-1,before,27.0,2.0,0.07407407407407407
category_state,2024,D6_ARM_002,asev_a,Family_I,categorical_merge,,,,,,,,,,merged_categories,1,before,4770.0,541.0,0.11341719077568134
category_state,2024,D6_ARM_002,asev_a,Family_I,categorical_merge,,,,,,,,,,merged_categories,2,before,27558.0,2021.0,0.07333623630161841
category_state,2024,D6_ARM_002,asev_a,Family_I,categorical_merge,,,,,,,,,,merged_categories,-1,after,27.0,2.0,0.07407407407407407
category_state,2024,D6_ARM_002,asev_a,Family_I,categorical_merge,,,,,,,,,,merged_categories,2,after,32328.0,2562.0,0.07925018559762435
feature_summary,2024,D6_ARM_002,empwrkft1_a,Family_I,categorical_merge,4.0,3.0,1.0,0.004017963566487505,0.000948382100131951,-0.0030695814663555536,0.007542279468134283,0.0026719701444615266,-0.004870309323672757,merged_categories,,,,,
category_state,2024,D6_ARM_002,empwrkft1_a,Family_I,categorical_merge,,,,,,,,,,merged_categories,-2,before,989.0,75.0,0.07583417593528817
category_state,2024,D6_ARM_002,empwrkft1_a,Family_I,categorical_merge,,,,,,,,,,merged_categories,-1,before,13345.0,751.0,0.05627575871112776
category_state,2024,D6_ARM_002,empwrkft1_a,Family_I,categorical_merge,,,,,,,,,,merged_categories,1,before,14382.0,1373.0,0.09546655541649283
category_state,2024,D6_ARM_002,empwrkft1_a,Family_I,categorical_merge,,,,,,,,,,merged_categories,2,before,3639.0,365.0,0.10030228084638637
category_state,2024,D6_ARM_002,empwrkft1_a,Family_I,categorical_merge,,,,,,,,,,merged_categories,-2,after,989.0,75.0,0.07583417593528817
category_state,2024,D6_ARM_002,empwrkft1_a,Family_I,categorical_merge,,,,,,,,,,merged_categories,1,after,27727.0,2124.0,0.07660403217080823
category_state,2024,D6_ARM_002,empwrkft1_a,Family_I,categorical_merge,,,,,,,,,,merged_categories,2,after,3639.0,365.0,0.10030228084638637
feature_summary,2024,D6_ARM_002,empwrklsw1_a,Family_I,categorical_merge,3.0,2.0,1.0,0.005053426647737441,1.4059940138947297e-05,-0.005039366707598494,0.008146356415862187,0.0019520578980567378,-0.0061942985178054496,merged_categories,,,,,
category_state,2024,D6_ARM_002,empwrklsw1_a,Family_I,categorical_merge,,,,,,,,,,merged_categories,-1,before,966.0,73.0,0.07556935817805382
category_state,2024,D6_ARM_002,empwrklsw1_a,Family_I,categorical_merge,,,,,,,,,,merged_categories,1,before,18044.0,1740.0,0.0964309465750388
category_state,2024,D6_ARM_002,empwrklsw1_a,Family_I,categorical_merge,,,,,,,,,,merged_categories,2,before,13345.0,751.0,0.05627575871112776
category_state,2024,D6_ARM_002,empwrklsw1_a,Family_I,categorical_merge,,,,,,,,,,merged_categories,-1,after,966.0,73.0,0.07556935817805382
category_state,2024,D6_ARM_002,empwrklsw1_a,Family_I,categorical_merge,,,,,,,,,,merged_categories,1,after,31389.0,2491.0,0.07935901111854471
feature_summary,2024,D6_ARM_002,hypev_a,Family_I,categorical_merge,3.0,2.0,1.0,0.000707168732274305,0.00016386333075858118,-0.0005433054015157238,0.010605091247196247,0.00022179764154096337,-0.010383293605655283,merged_categories,,,,,
category_state,2024,D6_ARM_002,hypev_a,Family_I,categorical_merge,,,,,,,,,,merged_categories,-1,before,45.0,6.0,0.13333333333333333
category_state,2024,D6_ARM_002,hypev_a,Family_I,categorical_merge,,,,,,,,,,merged_categories,1,before,12149.0,857.0,0.0705407852498148
category_state,2024,D6_ARM_002,hypev_a,Family_I,categorical_merge,,,,,,,,,,merged_categories,2,before,20161.0,1701.0,0.08437081493973513
category_state,2024,D6_ARM_002,hypev_a,Family_I,categorical_merge,,,,,,,,,,merged_categories,-1,after,45.0,6.0,0.13333333333333333
category_state,2024,D6_ARM_002,hypev_a,Family_I,categorical_merge,,,,,,,,,,merged_categories,1,after,32310.0,2558.0,0.0791705354379449
feature_summary,2024,D6_ARM_002,notcov_a,Family_I,categorical_merge,3.0,2.0,1.0,0.04611263615308022,5.649381309000666e-05,-0.04605614233999021,0.024715915008191865,7.939940655930082e-05,-0.024636515601632564,merged_categories,,,,,
category_state,2024,D6_ARM_002,notcov_a,Family_I,categorical_merge,,,,,,,,,,merged_categories,-1,before,78.0,8.0,0.10256410256410256
category_state,2024,D6_ARM_002,notcov_a,Family_I,categorical_merge,,,,,,,,,,merged_categories,1,before,2295.0,615.0,0.2679738562091503
category_state,2024,D6_ARM_002,notcov_a,Family_I,categorical_merge,,,,,,,,,,merged_categories,2,before,29982.0,1941.0,0.06473884330598359
category_state,2024,D6_ARM_002,notcov_a,Family_I,categorical_merge,,,,,,,,,,merged_categories,-1,after,78.0,8.0,0.10256410256410256
category_state,2024,D6_ARM_002,notcov_a,Family_I,categorical_merge,,,,,,,,,,merged_categories,2,after,32277.0,2556.0,0.07918951575425226
feature_summary,2024,D6_ARM_002,pcnt18uptc,Family_I,feature_drop,3.0,1.0,2.0,5.857940036305298e-05,0.0,-5.857940036305298e-05,0.01658778431347575,0.0,-0.01658778431347575,dropped_constant_equivalent,,,,,
category_state,2024,D6_ARM_002,pcnt18uptc,Family_I,feature_drop,,,,,,,,,,dropped_constant_equivalent,1.0,before,11763.0,1000.0,0.08501232678738417
category_state,2024,D6_ARM_002,pcnt18uptc,Family_I,feature_drop,,,,,,,,,,dropped_constant_equivalent,2.0,before,15882.0,1171.0,0.07373126810225412
category_state,2024,D6_ARM_002,pcnt18uptc,Family_I,feature_drop,,,,,,,,,,dropped_constant_equivalent,3.0,before,4710.0,393.0,0.08343949044585987
category_state,2024,D6_ARM_002,pcnt18uptc,Family_I,feature_drop,,,,,,,,,,dropped_constant_equivalent,dropped_constant_equivalent,after,32355.0,2564.0,0.07924586617215268
feature_summary,2024,D6_ARM_002,region,Family_I,feature_drop,4.0,1.0,3.0,0.0006586139738924996,0.0,-0.0006586139738924996,0.03955391275324465,0.0,-0.03955391275324465,dropped_constant_equivalent,,,,,
category_state,2024,D6_ARM_002,region,Family_I,feature_drop,,,,,,,,,,dropped_constant_equivalent,1,before,5127.0,322.0,0.06280475911839282
category_state,2024,D6_ARM_002,region,Family_I,feature_drop,,,,,,,,,,dropped_constant_equivalent,2,before,7439.0,584.0,0.07850517542680467
category_state,2024,D6_ARM_002,region,Family_I,feature_drop,,,,,,,,,,dropped_constant_equivalent,3,before,11707.0,1037.0,0.08857948236098061
category_state,2024,D6_ARM_002,region,Family_I,feature_drop,,,,,,,,,,dropped_constant_equivalent,4,before,8082.0,621.0,0.07683741648106904
category_state,2024,D6_ARM_002,region,Family_I,feature_drop,,,,,,,,,,dropped_constant_equivalent,dropped_constant_equivalent,after,32355.0,2564.0,0.07924586617215268
feature_summary,2024,D6_ARM_003,cogmemdff_a,Family_I,categorical_merge,5.0,4.0,1.0,0.011456820998898536,0.007570192464419116,-0.0038866285344794204,0.16405349500963962,0.019383920265189255,-0.14466957474445036,merged_categories,,,,,
category_state,2024,D6_ARM_003,cogmemdff_a,Family_I,categorical_merge,,,,,,,,,,merged_categories,-1,before,10.0,0.0,0.0
category_state,2024,D6_ARM_003,cogmemdff_a,Family_I,categorical_merge,,,,,,,,,,merged_categories,1,before,24330.0,1538.0,0.06321413892314015
category_state,2024,D6_ARM_003,cogmemdff_a,Family_I,categorical_merge,,,,,,,,,,merged_categories,2,before,7040.0,852.0,0.12102272727272727
category_state,2024,D6_ARM_003,cogmemdff_a,Family_I,categorical_merge,,,,,,,,,,merged_categories,3,before,937.0,172.0,0.18356456776947705
category_state,2024,D6_ARM_003,cogmemdff_a,Family_I,categorical_merge,,,,,,,,,,merged_categories,4,before,37.0,1.0,0.02702702702702703
category_state,2024,D6_ARM_003,cogmemdff_a,Family_I,categorical_merge,,,,,,,,,,merged_categories,-1,after,10.0,0.0,0.0
category_state,2024,D6_ARM_003,cogmemdff_a,Family_I,categorical_merge,,,,,,,,,,merged_categories,1,after,25267.0,1710.0,0.06767720742470416
category_state,2024,D6_ARM_003,cogmemdff_a,Family_I,categorical_merge,,,,,,,,,,merged_categories,2,after,7040.0,852.0,0.12102272727272727
category_state,2024,D6_ARM_003,cogmemdff_a,Family_I,categorical_merge,,,,,,,,,,merged_categories,4,after,37.0,1.0,0.02702702702702703
feature_summary,2024,D6_ARM_003,diff_a,Family_I,categorical_merge,5.0,4.0,1.0,0.001571639811361175,0.0009441475477238973,-0.0006274922636372777,0.3512943591041926,0.07784960137140223,-0.27344475773279037,merged_categories,,,,,
category_state,2024,D6_ARM_003,diff_a,Family_I,categorical_merge,,,,,,,,,,merged_categories,-1,before,11.0,0.0,0.0
category_state,2024,D6_ARM_003,diff_a,Family_I,categorical_merge,,,,,,,,,,merged_categories,1,before,25110.0,1869.0,0.07443249701314217
category_state,2024,D6_ARM_003,diff_a,Family_I,categorical_merge,,,,,,,,,,merged_categories,2,before,4929.0,468.0,0.09494826536822885
category_state,2024,D6_ARM_003,diff_a,Family_I,categorical_merge,,,,,,,,,,merged_categories,3,before,1819.0,199.0,0.10940076965365586
category_state,2024,D6_ARM_003,diff_a,Family_I,categorical_merge,,,,,,,,,,merged_categories,4,before,485.0,27.0,0.05567010309278351
category_state,2024,D6_ARM_003,diff_a,Family_I,categorical_merge,,,,,,,,,,merged_categories,-1,after,11.0,0.0,0.0
category_state,2024,D6_ARM_003,diff_a,Family_I,categorical_merge,,,,,,,,,,merged_categories,1,after,26929.0,2068.0,0.0767945337739983
category_state,2024,D6_ARM_003,diff_a,Family_I,categorical_merge,,,,,,,,,,merged_categories,2,after,4929.0,468.0,0.09494826536822885
category_state,2024,D6_ARM_003,diff_a,Family_I,categorical_merge,,,,,,,,,,merged_categories,4,after,485.0,27.0,0.05567010309278351
feature_summary,2024,D6_ARM_003,empwrkft1_a,Family_I,categorical_merge,4.0,3.0,1.0,0.004020797830217717,0.0009526747195695178,-0.0030681231106481992,0.04323372359046726,0.0029487074366957807,-0.04028501615377148,merged_categories,,,,,
category_state,2024,D6_ARM_003,empwrkft1_a,Family_I,categorical_merge,,,,,,,,,,merged_categories,-2,before,988.0,74.0,0.07489878542510121
category_state,2024,D6_ARM_003,empwrkft1_a,Family_I,categorical_merge,,,,,,,,,,merged_categories,-1,before,13345.0,751.0,0.05627575871112776
category_state,2024,D6_ARM_003,empwrkft1_a,Family_I,categorical_merge,,,,,,,,,,merged_categories,1,before,14382.0,1373.0,0.09546655541649283
category_state,2024,D6_ARM_003,empwrkft1_a,Family_I,categorical_merge,,,,,,,,,,merged_categories,2,before,3639.0,365.0,0.10030228084638637
category_state,2024,D6_ARM_003,empwrkft1_a,Family_I,categorical_merge,,,,,,,,,,merged_categories,-2,after,988.0,74.0,0.07489878542510121
category_state,2024,D6_ARM_003,empwrkft1_a,Family_I,categorical_merge,,,,,,,,,,merged_categories,1,after,27727.0,2124.0,0.07660403217080823
category_state,2024,D6_ARM_003,empwrkft1_a,Family_I,categorical_merge,,,,,,,,,,merged_categories,2,after,3639.0,365.0,0.10030228084638637
feature_summary,2024,D6_ARM_003,empwrklsw1_a,Family_I,categorical_merge,3.0,2.0,1.0,0.00505740156048973,2.214137472861423e-05,-0.005035260185761115,0.052193995741844385,0.00015362808756721588,-0.05204036765427717,merged_categories,,,,,
category_state,2024,D6_ARM_003,empwrklsw1_a,Family_I,categorical_merge,,,,,,,,,,merged_categories,-1,before,965.0,72.0,0.07461139896373056
category_state,2024,D6_ARM_003,empwrklsw1_a,Family_I,categorical_merge,,,,,,,,,,merged_categories,1,before,18044.0,1740.0,0.0964309465750388
category_state,2024,D6_ARM_003,empwrklsw1_a,Family_I,categorical_merge,,,,,,,,,,merged_categories,2,before,13345.0,751.0,0.05627575871112776
category_state,2024,D6_ARM_003,empwrklsw1_a,Family_I,categorical_merge,,,,,,,,,,merged_categories,-1,after,965.0,72.0,0.07461139896373056
category_state,2024,D6_ARM_003,empwrklsw1_a,Family_I,categorical_merge,,,,,,,,,,merged_categories,1,after,31389.0,2491.0,0.07935901111854471
feature_summary,2024,D6_ARM_003,hypev_a,Family_I,categorical_merge,3.0,2.0,1.0,0.0006784853840190461,6.861046116273442e-05,-0.0006098749228563117,0.03003526364469585,0.00014415299637623123,-0.02989111064831962,merged_categories,,,,,
category_state,2024,D6_ARM_003,hypev_a,Family_I,categorical_merge,,,,,,,,,,merged_categories,-1,before,44.0,5.0,0.11363636363636363
category_state,2024,D6_ARM_003,hypev_a,Family_I,categorical_merge,,,,,,,,,,merged_categories,1,before,12149.0,857.0,0.0705407852498148
category_state,2024,D6_ARM_003,hypev_a,Family_I,categorical_merge,,,,,,,,,,merged_categories,2,before,20161.0,1701.0,0.08437081493973513
category_state,2024,D6_ARM_003,hypev_a,Family_I,categorical_merge,,,,,,,,,,merged_categories,-1,after,44.0,5.0,0.11363636363636363
category_state,2024,D6_ARM_003,hypev_a,Family_I,categorical_merge,,,,,,,,,,merged_categories,2,after,32310.0,2558.0,0.0791705354379449
feature_summary,2024,D6_ARM_004,agep_a,Family_I,feature_drop,68.0,1.0,67.0,0.00935909516079045,0.0,-0.00935909516079045,0.016441512129563803,0.0,-0.016441512129563803,dropped_constant_equivalent,,,,,
category_state,2024,D6_ARM_004,agep_a,Family_I,feature_drop,,,,,,,,,,dropped_constant_equivalent,18.0,before,234.0,7.0,0.029914529914529916
category_state,2024,D6_ARM_004,agep_a,Family_I,feature_drop,,,,,,,,,,dropped_constant_equivalent,19.0,before,234.0,11.0,0.04700854700854701
category_state,2024,D6_ARM_004,agep_a,Family_I,feature_drop,,,,,,,,,,dropped_constant_equivalent,20.0,before,254.0,21.0,0.08267716535433071
category_state,2024,D6_ARM_004,agep_a,Family_I,feature_drop,,,,,,,,,,dropped_constant_equivalent,21.0,before,251.0,20.0,0.0796812749003984
category_state,2024,D6_ARM_004,agep_a,Family_I,feature_drop,,,,,,,,,,dropped_constant_equivalent,22.0,before,300.0,37.0,0.12333333333333334
category_state,2024,D6_ARM_004,agep_a,Family_I,feature_drop,,,,,,,,,,dropped_constant_equivalent,23.0,before,367.0,33.0,0.08991825613079019
category_state,2024,D6_ARM_004,agep_a,Family_I,feature_drop,,,,,,,,,,dropped_constant_equivalent,24.0,before,356.0,44.0,0.12359550561797752
category_state,2024,D6_ARM_004,agep_a,Family_I,feature_drop,,,,,,,,,,dropped_constant_equivalent,25.0,before,372.0,47.0,0.12634408602150538
category_state,2024,D6_ARM_004,agep_a,Family_I,feature_drop,,,,,,,,,,dropped_constant_equivalent,26.0,before,420.0,62.0,0.14761904761904762
category_state,2024,D6_ARM_004,agep_a,Family_I,feature_drop,,,,,,,,,,dropped_constant_equivalent,27.0,before,419.0,62.0,0.14797136038186157
category_state,2024,D6_ARM_004,agep_a,Family_I,feature_drop,,,,,,,,,,dropped_constant_equivalent,28.0,before,423.0,59.0,0.13947990543735225
category_state,2024,D6_ARM_004,agep_a,Family_I,feature_drop,,,,,,,,,,dropped_constant_equivalent,29.0,before,422.0,61.0,0.14454976303317535
category_state,2024,D6_ARM_004,agep_a,Family_I,feature_drop,,,,,,,,,,dropped_constant_equivalent,30.0,before,497.0,53.0,0.10663983903420524
category_state,2024,D6_ARM_004,agep_a,Family_I,feature_drop,,,,,,,,,,dropped_constant_equivalent,31.0,before,475.0,59.0,0.12421052631578948
category_state,2024,D6_ARM_004,agep_a,Family_I,feature_drop,,,,,,,,,,dropped_constant_equivalent,32.0,before,528.0,52.0,0.09848484848484848
category_state,2024,D6_ARM_004,agep_a,Family_I,feature_drop,,,,,,,,,,dropped_constant_equivalent,33.0,before,532.0,61.0,0.11466165413533834
category_state,2024,D6_ARM_004,agep_a,Family_I,feature_drop,,,,,,,,,,dropped_constant_equivalent,34.0,before,540.0,65.0,0.12037037037037036
category_state,2024,D6_ARM_004,agep_a,Family_I,feature_drop,,,,,,,,,,dropped_constant_equivalent,35.0,before,576.0,72.0,0.125
category_state,2024,D6_ARM_004,agep_a,Family_I,feature_drop,,,,,,,,,,dropped_constant_equivalent,36.0,before,492.0,60.0,0.12195121951219512
category_state,2024,D6_ARM_004,agep_a,Family_I,feature_drop,,,,,,,,,,dropped_constant_equivalent,37.0,before,527.0,52.0,0.09867172675521822
category_state,2024,D6_ARM_004,agep_a,Family_I,feature_drop,,,,,,,,,,dropped_constant_equivalent,38.0,before,542.0,53.0,0.09778597785977859
category_state,2024,D6_ARM_004,agep_a,Family_I,feature_drop,,,,,,,,,,dropped_constant_equivalent,39.0,before,514.0,55.0,0.10700389105058365
category_state,2024,D6_ARM_004,agep_a,Family_I,feature_drop,,,,,,,,,,dropped_constant_equivalent,40.0,before,452.0,47.0,0.10398230088495575
category_state,2024,D6_ARM_004,agep_a,Family_I,feature_drop,,,,,,,,,,dropped_constant_equivalent,41.0,before,457.0,47.0,0.10284463894967177
category_state,2024,D6_ARM_004,agep_a,Family_I,feature_drop,,,,,,,,,,dropped_constant_equivalent,42.0,before,496.0,49.0,0.09879032258064516
category_state,2024,D6_ARM_004,agep_a,Family_I,feature_drop,,,,,,,,,,dropped_constant_equivalent,43.0,before,480.0,45.0,0.09375
category_state,2024,D6_ARM_004,agep_a,Family_I,feature_drop,,,,,,,,,,dropped_constant_equivalent,44.0,before,483.0,43.0,0.08902691511387163
category_state,2024,D6_ARM_004,agep_a,Family_I,feature_drop,,,,,,,,,,dropped_constant_equivalent,45.0,before,426.0,57.0,0.13380281690140844
category_state,2024,D6_ARM_004,agep_a,Family_I,feature_drop,,,,,,,,,,dropped_constant_equivalent,46.0,before,437.0,61.0,0.13958810068649885
category_state,2024,D6_ARM_004,agep_a,Family_I,feature_drop,,,,,,,,,,dropped_constant_equivalent,47.0,before,447.0,39.0,0.087248322147651
category_state,2024,D6_ARM_004,agep_a,Family_I,feature_drop,,,,,,,,,,dropped_constant_equivalent,48.0,before,386.0,44.0,0.11398963730569948
category_state,2024,D6_ARM_004,agep_a,Family_I,feature_drop,,,,,,,,,,dropped_constant_equivalent,49.0,before,446.0,50.0,0.11210762331838565
category_state,2024,D6_ARM_004,agep_a,Family_I,feature_drop,,,,,,,,,,dropped_constant_equivalent,50.0,before,420.0,50.0,0.11904761904761904
category_state,2024,D6_ARM_004,agep_a,Family_I,feature_drop,,,,,,,,,,dropped_constant_equivalent,51.0,before,440.0,52.0,0.11818181818181818
category_state,2024,D6_ARM_004,agep_a,Family_I,feature_drop,,,,,,,,,,dropped_constant_equivalent,52.0,before,460.0,46.0,0.1
category_state,2024,D6_ARM_004,agep_a,Family_I,feature_drop,,,,,,,,,,dropped_constant_equivalent,53.0,before,477.0,55.0,0.11530398322851153
category_state,2024,D6_ARM_004,agep_a,Family_I,feature_drop,,,,,,,,,,dropped_constant_equivalent,54.0,before,520.0,44.0,0.08461538461538462
category_state,2024,D6_ARM_004,agep_a,Family_I,feature_drop,,,,,,,,,,dropped_constant_equivalent,55.0,before,493.0,51.0,0.10344827586206896
category_state,2024,D6_ARM_004,agep_a,Family_I,feature_drop,,,,,,,,,,dropped_constant_equivalent,56.0,before,472.0,39.0,0.0826271186440678
category_state,2024,D6_ARM_004,agep_a,Family_I,feature_drop,,,,,,,,,,dropped_constant_equivalent,57.0,before,452.0,50.0,0.11061946902654868
category_state,2024,D6_ARM_004,agep_a,Family_I,feature_drop,,,,,,,,,,dropped_constant_equivalent,58.0,before,509.0,36.0,0.07072691552062868
category_state,2024,D6_ARM_004,agep_a,Family_I,feature_drop,,,,,,,,,,dropped_constant_equivalent,59.0,before,511.0,54.0,0.10567514677103718
category_state,2024,D6_ARM_004,agep_a,Family_I,feature_drop,,,,,,,,,,dropped_constant_equivalent,60.0,before,601.0,59.0,0.09816971713810316
category_state,2024,D6_ARM_004,agep_a,Family_I,feature_drop,,,,,,,,,,dropped_constant_equivalent,61.0,before,602.0,58.0,0.09634551495016612
category_state,2024,D6_ARM_004,agep_a,Family_I,feature_drop,,,,,,,,,,dropped_constant_equivalent,62.0,before,605.0,52.0,0.0859504132231405
category_state,2024,D6_ARM_004,agep_a,Family_I,feature_drop,,,,,,,,,,dropped_constant_equivalent,63.0,before,597.0,55.0,0.09212730318257957
category_state,2024,D6_ARM_004,agep_a,Family_I,feature_drop,,,,,,,,,,dropped_constant_equivalent,64.0,before,576.0,52.0,0.09027777777777778
category_state,2024,D6_ARM_004,agep_a,Family_I,feature_drop,,,,,,,,,,dropped_constant_equivalent,65.0,before,618.0,30.0,0.04854368932038835
category_state,2024,D6_ARM_004,agep_a,Family_I,feature_drop,,,,,,,,,,dropped_constant_equivalent,66.0,before,640.0,18.0,0.028125
category_state,2024,D6_ARM_004,agep_a,Family_I,feature_drop,,,,,,,,,,dropped_constant_equivalent,67.0,before,713.0,24.0,0.033660589060308554
category_state,2024,D6_ARM_004,agep_a,Family_I,feature_drop,,,,,,,,,,dropped_constant_equivalent,68.0,before,580.0,28.0,0.04827586206896552
category_state,2024,D6_ARM_004,agep_a,Family_I,feature_drop,,,,,,,,,,dropped_constant_equivalent,69.0,before,639.0,19.0,0.0297339593114241
category_state,2024,D6_ARM_004,agep_a,Family_I,feature_drop,,,,,,,,,,dropped_constant_equivalent,70.0,before,578.0,21.0,0.03633217993079585
category_state,2024,D6_ARM_004,agep_a,Family_I,feature_drop,,,,,,,,,,dropped_constant_equivalent,71.0,before,578.0,26.0,0.04498269896193772
category_state,2024,D6_ARM_004,agep_a,Family_I,feature_drop,,,,,,,,,,dropped_constant_equivalent,72.0,before,602.0,14.0,0.023255813953488372
category_state,2024,D6_ARM_004,agep_a,Family_I,feature_drop,,,,,,,,,,dropped_constant_equivalent,73.0,before,524.0,9.0,0.01717557251908397
category_state,2024,D6_ARM_004,agep_a,Family_I,feature_drop,,,,,,,,,,dropped_constant_equivalent,74.0,before,478.0,16.0,0.03347280334728033
category_state,2024,D6_ARM_004,agep_a,Family_I,feature_drop,,,,,,,,,,dropped_constant_equivalent,75.0,before,531.0,11.0,0.02071563088512241
category_state,2024,D6_ARM_004,agep_a,Family_I,feature_drop,,,,,,,,,,dropped_constant_equivalent,76.0,before,484.0,8.0,0.01652892561983471
category_state,2024,D6_ARM_004,agep_a,Family_I,feature_drop,,,,,,,,,,dropped_constant_equivalent,77.0,before,516.0,14.0,0.027131782945736434
category_state,2024,D6_ARM_004,agep_a,Family_I,feature_drop,,,,,,,,,,dropped_constant_equivalent,78.0,before,408.0,7.0,0.01715686274509804
category_state,2024,D6_ARM_004,agep_a,Family_I,feature_drop,,,,,,,,,,dropped_constant_equivalent,79.0,before,354.0,4.0,0.011299435028248588
category_state,2024,D6_ARM_004,agep_a,Family_I,feature_drop,,,,,,,,,,dropped_constant_equivalent,80.0,before,336.0,7.0,0.020833333333333332
category_state,2024,D6_ARM_004,agep_a,Family_I,feature_drop,,,,,,,,,,dropped_constant_equivalent,81.0,before,353.0,8.0,0.0226628895184136
category_state,2024,D6_ARM_004,agep_a,Family_I,feature_drop,,,,,,,,,,dropped_constant_equivalent,82.0,before,284.0,4.0,0.014084507042253521
category_state,2024,D6_ARM_004,agep_a,Family_I,feature_drop,,,,,,,,,,dropped_constant_equivalent,83.0,before,235.0,1.0,0.00425531914893617
category_state,2024,D6_ARM_004,agep_a,Family_I,feature_drop,,,,,,,,,,dropped_constant_equivalent,84.0,before,207.0,2.0,0.00966183574879227
category_state,2024,D6_ARM_004,agep_a,Family_I,feature_drop,,,,,,,,,,dropped_constant_equivalent,85.0,before,1176.0,11.0,0.00935374149659864
category_state,2024,D6_ARM_004,agep_a,Family_I,feature_drop,,,,,,,,,,dropped_constant_equivalent,dropped_constant_equivalent,after,32354.0,2563.0,0.07921740743030228
feature_summary,2024,D6_ARM_004,chlev_a,Family_I,categorical_merge,3.0,2.0,1.0,0.0007404860459708551,0.00010366601116101903,-0.0006368200348098361,0.014667362785852142,0.0015859186571841454,-0.013081444128667996,merged_categories,,,,,
category_state,2024,D6_ARM_004,chlev_a,Family_I,categorical_merge,,,,,,,,,,merged_categories,-1,before,92.0,10.0,0.10869565217391304
category_state,2024,D6_ARM_004,chlev_a,Family_I,categorical_merge,,,,,,,,,,merged_categories,1,before,10760.0,747.0,0.06942379182156133
category_state,2024,D6_ARM_004,chlev_a,Family_I,categorical_merge,,,,,,,,,,merged_categories,2,before,21502.0,1806.0,0.08399218677332342
category_state,2024,D6_ARM_004,chlev_a,Family_I,categorical_merge,,,,,,,,,,merged_categories,-1,after,92.0,10.0,0.10869565217391304
category_state,2024,D6_ARM_004,chlev_a,Family_I,categorical_merge,,,,,,,,,,merged_categories,2,after,32262.0,2553.0,0.07913334573182072
feature_summary,2024,D6_ARM_004,dibev_a,Family_I,categorical_merge,3.0,2.0,1.0,1.5993236069800133e-05,2.2861428665913298e-08,-1.5970374641134218e-05,0.03055480631118418,3.937234275525484e-05,-0.030515433968428925,merged_categories,,,,,
category_state,2024,D6_ARM_004,dibev_a,Family_I,categorical_merge,,,,,,,,,,merged_categories,-1,before,25.0,2.0,0.08
category_state,2024,D6_ARM_004,dibev_a,Family_I,categorical_merge,,,,,,,,,,merged_categories,1,before,3671.0,282.0,0.07681830563879052
category_state,2024,D6_ARM_004,dibev_a,Family_I,categorical_merge,,,,,,,,,,merged_categories,2,before,28658.0,2279.0,0.0795240421522786
category_state,2024,D6_ARM_004,dibev_a,Family_I,categorical_merge,,,,,,,,,,merged_categories,-1,after,25.0,2.0,0.08
category_state,2024,D6_ARM_004,dibev_a,Family_I,categorical_merge,,,,,,,,,,merged_categories,2,after,32329.0,2561.0,0.07921680225184818
feature_summary,2024,D6_ARM_004,empwrkft1_a,Family_I,categorical_merge,4.0,3.0,1.0,0.004020797830217717,0.0009526747195695178,-0.0030681231106481992,0.04323372359046726,0.0029487074366957807,-0.04028501615377148,merged_categories,,,,,
category_state,2024,D6_ARM_004,empwrkft1_a,Family_I,categorical_merge,,,,,,,,,,merged_categories,-2,before,988.0,74.0,0.07489878542510121
category_state,2024,D6_ARM_004,empwrkft1_a,Family_I,categorical_merge,,,,,,,,,,merged_categories,-1,before,13345.0,751.0,0.05627575871112776
category_state,2024,D6_ARM_004,empwrkft1_a,Family_I,categorical_merge,,,,,,,,,,merged_categories,1,before,14382.0,1373.0,0.09546655541649283
category_state,2024,D6_ARM_004,empwrkft1_a,Family_I,categorical_merge,,,,,,,,,,merged_categories,2,before,3639.0,365.0,0.10030228084638637
category_state,2024,D6_ARM_004,empwrkft1_a,Family_I,categorical_merge,,,,,,,,,,merged_categories,-2,after,988.0,74.0,0.07489878542510121
category_state,2024,D6_ARM_004,empwrkft1_a,Family_I,categorical_merge,,,,,,,,,,merged_categories,1,after,27727.0,2124.0,0.07660403217080823
category_state,2024,D6_ARM_004,empwrkft1_a,Family_I,categorical_merge,,,,,,,,,,merged_categories,2,after,3639.0,365.0,0.10030228084638637
feature_summary,2024,D6_ARM_004,empwrklsw1_a,Family_I,categorical_merge,3.0,2.0,1.0,0.00505740156048973,2.214137472861423e-05,-0.005035260185761115,0.052193995741844385,0.00015362808756721588,-0.05204036765427717,merged_categories,,,,,
category_state,2024,D6_ARM_004,empwrklsw1_a,Family_I,categorical_merge,,,,,,,,,,merged_categories,-1,before,965.0,72.0,0.07461139896373056
category_state,2024,D6_ARM_004,empwrklsw1_a,Family_I,categorical_merge,,,,,,,,,,merged_categories,1,before,18044.0,1740.0,0.0964309465750388
category_state,2024,D6_ARM_004,empwrklsw1_a,Family_I,categorical_merge,,,,,,,,,,merged_categories,2,before,13345.0,751.0,0.05627575871112776
category_state,2024,D6_ARM_004,empwrklsw1_a,Family_I,categorical_merge,,,,,,,,,,merged_categories,-1,after,965.0,72.0,0.07461139896373056
category_state,2024,D6_ARM_004,empwrklsw1_a,Family_I,categorical_merge,,,,,,,,,,merged_categories,1,after,31389.0,2491.0,0.07935901111854471
feature_summary,2024,D6_ARM_004,hypev_a,Family_I,categorical_merge,3.0,2.0,1.0,0.0006784853840190461,6.861046116273442e-05,-0.0006098749228563117,0.03003526364469585,0.00014415299637623123,-0.02989111064831962,merged_categories,,,,,
category_state,2024,D6_ARM_004,hypev_a,Family_I,categorical_merge,,,,,,,,,,merged_categories,-1,before,44.0,5.0,0.11363636363636363
category_state,2024,D6_ARM_004,hypev_a,Family_I,categorical_merge,,,,,,,,,,merged_categories,1,before,12149.0,857.0,0.0705407852498148
category_state,2024,D6_ARM_004,hypev_a,Family_I,categorical_merge,,,,,,,,,,merged_categories,2,before,20161.0,1701.0,0.08437081493973513
category_state,2024,D6_ARM_004,hypev_a,Family_I,categorical_merge,,,,,,,,,,merged_categories,-1,after,44.0,5.0,0.11363636363636363
category_state,2024,D6_ARM_004,hypev_a,Family_I,categorical_merge,,,,,,,,,,merged_categories,2,after,32310.0,2558.0,0.0791705354379449
feature_summary,2024,D6_ARM_004,phstat_a,Family_I,categorical_merge,6.0,4.0,2.0,0.0061818331395483185,0.0010876119445813828,-0.005094221194966936,0.07640493565171025,0.00010091209240712415,-0.07630402355930313,merged_categories,,,,,
category_state,2024,D6_ARM_004,phstat_a,Family_I,categorical_merge,,,,,,,,,,merged_categories,-1,before,16.0,2.0,0.125
category_state,2024,D6_ARM_004,phstat_a,Family_I,categorical_merge,,,,,,,,,,merged_categories,1,before,6253.0,273.0,0.04365904365904366
category_state,2024,D6_ARM_004,phstat_a,Family_I,categorical_merge,,,,,,,,,,merged_categories,2,before,10839.0,709.0,0.0654119383706984
category_state,2024,D6_ARM_004,phstat_a,Family_I,categorical_merge,,,,,,,,,,merged_categories,3,before,9952.0,891.0,0.08952974276527331
category_state,2024,D6_ARM_004,phstat_a,Family_I,categorical_merge,,,,,,,,,,merged_categories,4,before,4105.0,499.0,0.1215590742996346
category_state,2024,D6_ARM_004,phstat_a,Family_I,categorical_merge,,,,,,,,,,merged_categories,5,before,1189.0,189.0,0.15895710681244743
category_state,2024,D6_ARM_004,phstat_a,Family_I,categorical_merge,,,,,,,,,,merged_categories,-1,after,16.0,2.0,0.125
category_state,2024,D6_ARM_004,phstat_a,Family_I,categorical_merge,,,,,,,,,,merged_categories,1,after,7442.0,462.0,0.06208008599838753
category_state,2024,D6_ARM_004,phstat_a,Family_I,categorical_merge,,,,,,,,,,merged_categories,2,after,14944.0,1208.0,0.08083511777301927
category_state,2024,D6_ARM_004,phstat_a,Family_I,categorical_merge,,,,,,,,,,merged_categories,3,after,9952.0,891.0,0.08952974276527331
