year,arm_id,model,feature,intercept,beta_j,mean_scaled_X_j_Y0,mean_scaled_X_j_Y1,mean_beta_scaled_X_j_Y0,mean_beta_scaled_X_j_Y1,class_separation_contribution,baseline_present,fairbias_present,comparison_type,absence_equivalent_zero_contribution,interpretation_status
2022,D6_ARM_001,baseline,agep_a,-2.480813540430048,-1.4574467298955243,0.5289682191433704,0.41662799625389163,-0.7709430012091643,-0.6072131107231591,0.16372989048600523,True,False,representation_reparameterized,False,descriptive decomposition of the fitted terminal linear scoring function
2022,D6_ARM_001,baseline,educp_a,-2.480813540430048,-0.07351618910681766,0.6330679561472755,0.5647258338044093,-0.046540743581589654,-0.04151649119147024,0.005024252390119419,True,True,shared_feature_same_name,False,descriptive decomposition of the fitted terminal linear scoring function
2022,D6_ARM_001,baseline,region,-2.480813540430048,0.2678975286718267,0.5629972872292097,0.6073110985490862,0.15082558189764786,0.16269714243627237,0.011871560538624516,True,True,shared_feature_same_name,False,descriptive decomposition of the fitted terminal linear scoring function
2022,D6_ARM_001,baseline,pcnt18uptc,-2.480813540430048,-0.24726627751652416,0.3942214088236439,0.38778971170152626,-0.09747766027714226,-0.09588731847164249,0.001590341805499776,True,True,representation_reparameterized,False,descriptive decomposition of the fitted terminal linear scoring function
2022,D6_ARM_001,baseline,pcntlt18tc,-2.480813540430048,0.021267404638790274,0.15208390119803225,0.19483700772564536,0.003234429865824353,0.004143677481912407,0.0009092476160880537,True,True,representation_reparameterized,False,descriptive decomposition of the fitted terminal linear scoring function
2022,D6_ARM_001,baseline,ratcat_a,-2.480813540430048,-0.7852227676052573,0.6896268717070089,0.5334174022698613,-0.5415107208167332,-0.4188514888991474,0.12265923191758585,True,True,shared_feature_same_name,False,descriptive decomposition of the fitted terminal linear scoring function
2022,D6_ARM_001,baseline,empwrklsw1_a,-2.480813540430048,-0.4702681738290486,0.7794218812870735,0.7448652722818918,-0.3665373047552736,-0.35028643134468235,0.01625087341059123,True,True,representation_reparameterized,False,descriptive decomposition of the fitted terminal linear scoring function
2022,D6_ARM_001,baseline,empwrkft1_a,-2.480813540430048,0.6136638223718801,0.544059810755033,0.5886093838326738,0.33386982306685525,0.36120828436671576,0.027338461299860485,True,True,representation_reparameterized,False,descriptive decomposition of the fitted terminal linear scoring function
2022,D6_ARM_001,baseline,notcov_a,-2.480813540430048,-3.212170391336212,0.9774152096880963,0.8963632937629545,-3.1396241966017775,-2.8792716321059655,0.2603525644958122,True,True,representation_reparameterized,False,descriptive decomposition of the fitted terminal linear scoring function
2022,D6_ARM_001,baseline,phstat_a,-2.480813540430048,2.155261281836782,0.5679360876393702,0.6439608064820048,1.2240506602469958,1.3879037932310534,0.16385313298405763,True,True,shared_feature_same_name,False,descriptive decomposition of the fitted terminal linear scoring function
2022,D6_ARM_001,baseline,hypev_a,-2.480813540430048,0.03816876868710634,0.8750567864698933,0.8892029395138497,0.03339984007085196,0.03393978131419914,0.0005399412433471767,True,True,shared_feature_same_name,False,descriptive decomposition of the fitted terminal linear scoring function
2022,D6_ARM_001,baseline,chlev_a,-2.480813540430048,0.1849935020422332,0.8901652324026841,0.9099302807612586,0.16467478373841093,0.1683311892522977,0.003656405513886792,True,True,shared_feature_same_name,False,descriptive decomposition of the fitted terminal linear scoring function
2022,D6_ARM_001,baseline,dibev_a,-2.480813540430048,0.18495985021932904,0.9634619627999947,0.9641982287544753,0.1782017803315078,0.17833795997217008,0.00013617964066230616,True,True,shared_feature_same_name,False,descriptive decomposition of the fitted terminal linear scoring function
2022,D6_ARM_001,baseline,asev_a,-2.480813540430048,-0.5666242875481572,0.9534415845696559,0.9321650650084794,-0.5402431585755674,-0.5281873658377113,0.012055792737856057,True,True,representation_reparameterized,False,descriptive decomposition of the fitted terminal linear scoring function
2022,D6_ARM_001,baseline,visiondf_a,-2.480813540430048,1.9453076696996852,0.439180717261789,0.4720180893159978,0.854341617673567,0.9182204093834015,0.06387879170983456,True,True,shared_feature_same_name,False,descriptive decomposition of the fitted terminal linear scoring function
2022,D6_ARM_001,baseline,hearingdf_a,-2.480813540430048,0.8147662729322994,0.4382617499318563,0.4475975127190504,0.357080892560766,0.3646873572118682,0.007606464651102203,True,True,representation_reparameterized,False,descriptive decomposition of the fitted terminal linear scoring function
2022,D6_ARM_001,baseline,diff_a,-2.480813540430048,0.8360659838565015,0.4571161559129319,0.4791407574901075,0.38217926863004736,0.40059328881671613,0.018414020186668743,True,True,representation_reparameterized,False,descriptive decomposition of the fitted terminal linear scoring function
2022,D6_ARM_001,baseline,comdiff_a,-2.480813540430048,0.040164841807268134,0.4117363031034618,0.42204635387224426,0.01653732348045995,0.016951425038612997,0.00041410155815305,True,True,shared_feature_same_name,False,descriptive decomposition of the fitted terminal linear scoring function
2022,D6_ARM_001,baseline,uppslfcr_a,-2.480813540430048,-1.0971444211112762,0.4123593318017212,0.4193329564725835,-0.45241774037943205,-0.4600688137819926,-0.007651073402560556,True,True,shared_feature_same_name,False,descriptive decomposition of the fitted terminal linear scoring function
2022,D6_ARM_001,baseline,cogmemdff_a,-2.480813540430048,1.6618766421770692,0.44515400490635115,0.48162803843979657,0.7397910429254414,0.8004063873006575,0.06061534437521609,True,True,shared_feature_same_name,False,descriptive decomposition of the fitted terminal linear scoring function
2022,D6_ARM_001,baseline,usualpl_a,-2.480813540430048,1.6455072801094341,0.5297982944589386,0.5699547767100056,0.871786950521745,0.9378647344094612,0.06607778388771611,True,True,representation_reparameterized,False,descriptive decomposition of the fitted terminal linear scoring function
2022,D6_ARM_001,fairbias,educp_a,-7.7767452643864114,-0.2051005672928068,0.6330679561472755,0.5647258338044093,-0.12984259694070394,-0.11582558887818768,0.01401700806251626,True,True,shared_feature_same_name,False,descriptive decomposition of the fitted terminal linear scoring function
2022,D6_ARM_001,fairbias,region,-7.7767452643864114,0.33525663249480153,0.5629972872292097,0.6073110985490862,0.1887485746201734,0.20360507377628517,0.01485649915611179,True,True,shared_feature_same_name,False,descriptive decomposition of the fitted terminal linear scoring function
2022,D6_ARM_001,fairbias,pcnt18uptc,-7.7767452643864114,0.12023898813025438,0.2085099412660291,0.22927460534737376,0.02507102435292611,0.02756774655093163,0.002496722198005521,True,True,representation_reparameterized,False,descriptive decomposition of the fitted terminal linear scoring function
2022,D6_ARM_001,fairbias,pcntlt18tc,-7.7767452643864114,0.18687730552847617,0.05704031222670298,0.08136148456138902,0.010659539855429247,0.015204615008629092,0.004545075153199845,True,True,representation_reparameterized,False,descriptive decomposition of the fitted terminal linear scoring function
2022,D6_ARM_001,fairbias,ratcat_a,-7.7767452643864114,-1.054579163915696,0.6896268717070089,0.5334174022698613,-0.7272661297785744,-0.5625308781038328,0.1647352516747415,True,True,shared_feature_same_name,False,descriptive decomposition of the fitted terminal linear scoring function
2022,D6_ARM_001,fairbias,empwrklsw1_a,-7.7767452643864114,0.11960077016561417,0.9641369105564425,0.9564725833804409,0.11531151704764638,0.11439485761459535,-0.0009166594330510282,True,True,representation_reparameterized,False,descriptive decomposition of the fitted terminal linear scoring function
2022,D6_ARM_001,fairbias,empwrkft1_a,-7.7767452643864114,-0.21616527553220372,0.9633970639772594,0.9553420011305822,-0.20825299178156037,-0.20651176690187917,0.0017412248796812007,True,True,representation_reparameterized,False,descriptive decomposition of the fitted terminal linear scoring function
2022,D6_ARM_001,fairbias,notcov_a,-7.7767452643864114,0.31860515105591813,0.9971963708578326,0.998304126625212,0.31771190036957314,0.31806483706317207,0.0003529366935989511,True,True,representation_reparameterized,False,descriptive decomposition of the fitted terminal linear scoring function
2022,D6_ARM_001,fairbias,phstat_a,-7.7767452643864114,1.9068549121098346,0.5679360876393702,0.6439608064820048,1.0829717184795746,1.2279398270464215,0.14496810856684691,True,True,shared_feature_same_name,False,descriptive decomposition of the fitted terminal linear scoring function
2022,D6_ARM_001,fairbias,hypev_a,-7.7767452643864114,1.080870665581942,0.8750567864698933,0.8892029395138497,0.9458232112137088,0.961113373069754,0.015290161856045157,True,True,shared_feature_same_name,False,descriptive decomposition of the fitted terminal linear scoring function
2022,D6_ARM_001,fairbias,chlev_a,-7.7767452643864114,1.018423566782313,0.8901652324026841,0.9099302807612586,0.9065652510091481,0.9266944420561124,0.020129191046964354,True,True,shared_feature_same_name,False,descriptive decomposition of the fitted terminal linear scoring function
2022,D6_ARM_001,fairbias,dibev_a,-7.7767452643864114,0.517288064825286,0.9634619627999947,0.9641982287544753,0.49838737426958096,0.49876823586037095,0.0003808615907899643,True,True,shared_feature_same_name,False,descriptive decomposition of the fitted terminal linear scoring function
2022,D6_ARM_001,fairbias,asev_a,-7.7767452643864114,-0.48428875585965886,0.9989875783653285,1.0,-0.48379845144579836,-0.48428875585965886,-0.000490304413860474,True,True,representation_reparameterized,False,descriptive decomposition of the fitted terminal linear scoring function
2022,D6_ARM_001,fairbias,visiondf_a,-7.7767452643864114,1.8037745060997017,0.439180717261789,0.4720180893159978,0.7921829813673962,0.8514141959260888,0.05923121455869269,True,True,shared_feature_same_name,False,descriptive decomposition of the fitted terminal linear scoring function
2022,D6_ARM_001,fairbias,hearingdf_a,-7.7767452643864114,0.40002977613836876,0.6032942642420466,0.6064443188241945,0.2413356694703078,0.24259578509962804,0.0012601156293202667,True,True,representation_reparameterized,False,descriptive decomposition of the fitted terminal linear scoring function
2022,D6_ARM_001,fairbias,diff_a,-7.7767452643864114,-0.45727460229070616,0.4264242046649275,0.43911814584511033,-0.1949929585952854,-0.20079757549995514,-0.005804616904669732,True,True,representation_reparameterized,False,descriptive decomposition of the fitted terminal linear scoring function
2022,D6_ARM_001,fairbias,comdiff_a,-7.7767452643864114,0.22110597484028363,0.4117363031034618,0.42204635387224426,0.09103735667482542,0.09331697050070988,0.0022796138258844574,True,True,shared_feature_same_name,False,descriptive decomposition of the fitted terminal linear scoring function
2022,D6_ARM_001,fairbias,uppslfcr_a,-7.7767452643864114,-0.8399676092501496,0.4123593318017212,0.4193329564725835,-0.34636848208548093,-0.352226100928073,-0.005857618842592086,True,True,shared_feature_same_name,False,descriptive decomposition of the fitted terminal linear scoring function
2022,D6_ARM_001,fairbias,cogmemdff_a,-7.7767452643864114,1.4980282369907045,0.44515400490635115,0.48162803843979657,0.6668532691592126,0.7214924013092597,0.05463913215004707,True,True,shared_feature_same_name,False,descriptive decomposition of the fitted terminal linear scoring function
2022,D6_ARM_001,fairbias,usualpl_a,-7.7767452643864114,1.4290597325984673,0.754234648183482,0.7573487846240814,1.0778463646495857,1.082296651638664,0.004450286989078172,True,True,representation_reparameterized,False,descriptive decomposition of the fitted terminal linear scoring function
2022,D6_ARM_001,fairbias,agep_a,-7.7767452643864114,,,,,,,True,False,dropped_from_fairbias_representation,True,descriptive decomposition of the fitted terminal linear scoring function
2022,D6_ARM_002,baseline,agep_a,-2.5821995683289694,-1.4290675735252885,0.5289601519327786,0.41641791044776116,-0.7559198008141438,-0.5950893328560529,0.1608304679580909,True,True,representation_reparameterized,False,descriptive decomposition of the fitted terminal linear scoring function
2022,D6_ARM_002,baseline,educp_a,-2.5821995683289694,-0.07243126182938266,0.6330929904110608,0.5646635850025682,-0.04585572415081039,-0.040899295970838884,0.0049564281799715035,True,True,shared_feature_same_name,False,descriptive decomposition of the fitted terminal linear scoring function
2022,D6_ARM_002,baseline,region,-2.5821995683289694,0.24562359583008453,0.5629923814715311,0.6073446327683616,0.1382842131619801,0.14917817260866717,0.01089395944668704,True,False,representation_reparameterized,False,descriptive decomposition of the fitted terminal linear scoring function
2022,D6_ARM_002,baseline,pcnt18uptc,-2.5821995683289694,-0.22539617973213336,0.3941907098080442,0.38813559322033897,-0.08884908007663116,-0.08748427992992973,0.0013648001467014333,True,False,representation_reparameterized,False,descriptive decomposition of the fitted terminal linear scoring function
2022,D6_ARM_002,baseline,pcntlt18tc,-2.5821995683289694,-0.00372038919358513,0.1520720580409869,0.19472693032015065,-0.0005657672413819383,-0.0007244599672630931,-0.00015869272588115476,True,True,representation_reparameterized,False,descriptive decomposition of the fitted terminal linear scoring function
2022,D6_ARM_002,baseline,ratcat_a,-2.5821995683289694,-0.8101315430410964,0.6896420559544026,0.5331594958713604,-0.5587007829363744,-0.4319293250772782,0.12677145785909613,True,True,shared_feature_same_name,False,descriptive decomposition of the fitted terminal linear scoring function
2022,D6_ARM_002,baseline,empwrklsw1_a,-2.5821995683289694,-0.47909585122256565,0.7794131007540654,0.7448210922787194,-0.3734135829597883,-0.3568406952137942,0.01657288774599412,True,True,representation_reparameterized,False,descriptive decomposition of the fitted terminal linear scoring function
2022,D6_ARM_002,baseline,empwrkft1_a,-2.5821995683289694,0.6167295383662079,0.5440758478370907,0.5888418079096045,0.33554764647277213,0.3631561363628137,0.02760848989004151,True,True,representation_reparameterized,False,descriptive decomposition of the fitted terminal linear scoring function
2022,D6_ARM_002,baseline,notcov_a,-2.5821995683289694,-3.1938991854112078,0.9774169684226921,0.8964218455743879,-3.1217712592523283,-2.863081002364849,0.2586902568874796,True,True,representation_reparameterized,False,descriptive decomposition of the fitted terminal linear scoring function
2022,D6_ARM_002,baseline,phstat_a,-2.5821995683289694,2.149539913824539,0.5679243079079548,0.6439736346516007,1.2207759678793262,1.384247031134277,0.16347106325495092,True,True,shared_feature_same_name,False,descriptive decomposition of the fitted terminal linear scoring function
2022,D6_ARM_002,baseline,hypev_a,-2.5821995683289694,0.058790910386622534,0.8750665161131226,0.8892655367231639,0.05144595713114057,0.05228073047940332,0.0008347733482627446,True,True,representation_reparameterized,False,descriptive decomposition of the fitted terminal linear scoring function
2022,D6_ARM_002,baseline,chlev_a,-2.5821995683289694,0.19950141048935044,0.8901737855131149,0.9099811676082862,0.17759092579051092,0.1815425264565991,0.00395160066608818,True,True,shared_feature_same_name,False,descriptive decomposition of the fitted terminal linear scoring function
2022,D6_ARM_002,baseline,dibev_a,-2.5821995683289694,0.22034398915116915,0.9634648081091253,0.9642184557438794,0.21229367922553036,0.21245974095178644,0.0001660617262560754,True,True,shared_feature_same_name,False,descriptive decomposition of the fitted terminal linear scoring function
2022,D6_ARM_002,baseline,asev_a,-2.5821995683289694,-0.5427267150155931,0.9534452101909174,0.9320150659133709,-0.5174601868742683,-0.5058294750682053,0.011630711806063036,True,True,representation_reparameterized,False,descriptive decomposition of the fitted terminal linear scoring function
2022,D6_ARM_002,baseline,visiondf_a,-2.5821995683289694,1.9299933572697217,0.4391776661604953,0.4719774011299436,0.8476099783509754,0.9109132489622179,0.06330327061124255,True,True,shared_feature_same_name,False,descriptive decomposition of the fitted terminal linear scoring function
2022,D6_ARM_002,baseline,hearingdf_a,-2.5821995683289694,0.8156321507428345,0.438258770392867,0.44757062146892657,0.35745794347744414,0.3650529885980076,0.007595045120563457,True,True,shared_feature_same_name,False,descriptive decomposition of the fitted terminal linear scoring function
2022,D6_ARM_002,baseline,diff_a,-2.5821995683289694,0.8547027802978361,0.45711170813378516,0.4790960451977402,0.39069464784863916,0.4094847218602063,0.01879007401156713,True,True,shared_feature_same_name,False,descriptive decomposition of the fitted terminal linear scoring function
2022,D6_ARM_002,baseline,comdiff_a,-2.5821995683289694,0.0908617772865303,0.4117353891679322,0.42214689265536726,0.03741100923155954,0.0383570169426528,0.0009460077110932599,True,True,shared_feature_same_name,False,descriptive decomposition of the fitted terminal linear scoring function
2022,D6_ARM_002,baseline,uppslfcr_a,-2.5821995683289694,-1.1088840418841346,0.41235836934937514,0.41932203389830514,-0.4572576153088859,-0.4649795118002287,-0.007721896491342749,True,True,shared_feature_same_name,False,descriptive decomposition of the fitted terminal linear scoring function
2022,D6_ARM_002,baseline,cogmemdff_a,-2.5821995683289694,1.6446785096550207,0.44515048865007995,0.48158192090395485,0.7321294422452177,0.7920474359491185,0.059917993703900836,True,True,shared_feature_same_name,False,descriptive decomposition of the fitted terminal linear scoring function
2022,D6_ARM_002,baseline,usualpl_a,-2.5821995683289694,1.6554266559896156,0.5297959739905774,0.5699152542372882,0.8770383775799829,0.9434529035195055,0.0664145259395226,True,True,shared_feature_same_name,False,descriptive decomposition of the fitted terminal linear scoring function
2022,D6_ARM_002,fairbias,agep_a,-7.177373633052951,-3.9422168766450065,0.13526695123571392,0.04297205884883271,-0.5332516580137485,-0.1694051756180507,0.36384648239569783,True,True,representation_reparameterized,False,descriptive decomposition of the fitted terminal linear scoring function
2022,D6_ARM_002,fairbias,educp_a,-7.177373633052951,-0.33303046881964343,0.6330929904110608,0.5646635850025682,-0.21083925540302562,-0.18805017843878585,0.022789076964239742,True,True,shared_feature_same_name,False,descriptive decomposition of the fitted terminal linear scoring function
2022,D6_ARM_002,fairbias,pcntlt18tc,-7.177373633052951,-0.010392820316551643,0.0862813130460991,0.11517053776940782,-0.000896706183164251,-0.0011969467047980799,-0.0003002405216338289,True,True,representation_reparameterized,False,descriptive decomposition of the fitted terminal linear scoring function
2022,D6_ARM_002,fairbias,ratcat_a,-7.177373633052951,-0.9032515389729838,0.6896420559544026,0.5331594958713604,-0.6229202483813068,-0.48157713516386647,0.14134311321744036,True,True,shared_feature_same_name,False,descriptive decomposition of the fitted terminal linear scoring function
2022,D6_ARM_002,fairbias,empwrklsw1_a,-7.177373633052951,-0.42936168241925515,0.9641397033056885,0.9564971751412429,-0.4139646450985319,-0.410683236347909,0.003281408750622931,True,True,representation_reparameterized,False,descriptive decomposition of the fitted terminal linear scoring function
2022,D6_ARM_002,fairbias,empwrkft1_a,-7.177373633052951,0.4851477254962971,0.7490557956625005,0.7495762711864407,0.3634027155354812,0.36365522305209724,0.0002525075166160763,True,True,representation_reparameterized,False,descriptive decomposition of the fitted terminal linear scoring function
2022,D6_ARM_002,fairbias,notcov_a,-7.177373633052951,1.1286911895360299,0.9971965891835066,0.9983050847457627,1.1255270044468038,1.126778153621562,0.0012511491747582678,True,True,representation_reparameterized,False,descriptive decomposition of the fitted terminal linear scoring function
2022,D6_ARM_002,fairbias,phstat_a,-7.177373633052951,1.7386588827494276,0.5679243079079548,0.6439736346516007,0.9874266426734866,1.1196504801434402,0.13222383746995364,True,True,shared_feature_same_name,False,descriptive decomposition of the fitted terminal linear scoring function
2022,D6_ARM_002,fairbias,hypev_a,-7.177373633052951,-0.5514054560453532,0.9984036132850523,0.9983050847457627,-0.5505251997007727,-0.5504708705266322,5.432917414046416e-05,True,True,representation_reparameterized,False,descriptive decomposition of the fitted terminal linear scoring function
2022,D6_ARM_002,fairbias,chlev_a,-7.177373633052951,0.6691714206179167,0.8901737855131149,0.9099811676082862,0.5956788566486397,0.6089333906639874,0.013254534015347666,True,True,shared_feature_same_name,False,descriptive decomposition of the fitted terminal linear scoring function
2022,D6_ARM_002,fairbias,dibev_a,-7.177373633052951,0.448835906360469,0.9634648081091253,0.9642184557438794,0.4324376003940746,0.43277586451329586,0.000338264119221308,True,True,shared_feature_same_name,False,descriptive decomposition of the fitted terminal linear scoring function
2022,D6_ARM_002,fairbias,asev_a,-7.177373633052951,-0.35873549896107054,0.9989876572051551,1.0,-0.35837233566344223,-0.35873549896107054,-0.0003631632976283141,True,True,representation_reparameterized,False,descriptive decomposition of the fitted terminal linear scoring function
2022,D6_ARM_002,fairbias,visiondf_a,-7.177373633052951,1.6610267490927502,0.4391776661604953,0.4719774011299436,0.7294858510967086,0.7839670882441151,0.05448123714740645,True,True,shared_feature_same_name,False,descriptive decomposition of the fitted terminal linear scoring function
2022,D6_ARM_002,fairbias,hearingdf_a,-7.177373633052951,0.9225514561071504,0.438258770392867,0.44757062146892657,0.40431626677766874,0.41290692854694044,0.008590661769271705,True,True,shared_feature_same_name,False,descriptive decomposition of the fitted terminal linear scoring function
2022,D6_ARM_002,fairbias,diff_a,-7.177373633052951,0.45986518189248854,0.45711170813378516,0.4790960451977402,0.21020975880612924,0.2203195899688307,0.010109831162701456,True,True,shared_feature_same_name,False,descriptive decomposition of the fitted terminal linear scoring function
2022,D6_ARM_002,fairbias,comdiff_a,-7.177373633052951,0.3845168044928755,0.4117353891679322,0.42214689265536726,0.1583191761394838,0.16232257419043875,0.004003398050954967,True,True,shared_feature_same_name,False,descriptive decomposition of the fitted terminal linear scoring function
2022,D6_ARM_002,fairbias,uppslfcr_a,-7.177373633052951,-0.6673499402632816,0.41235836934937514,0.41932203389830514,-0.2751873331523697,-0.27983453427311167,-0.004647201120741963,True,True,shared_feature_same_name,False,descriptive decomposition of the fitted terminal linear scoring function
2022,D6_ARM_002,fairbias,cogmemdff_a,-7.177373633052951,1.6963495677757772,0.44515048865007995,0.48158192090395485,0.7551308390167392,0.8169312833740523,0.0618004443573132,True,True,shared_feature_same_name,False,descriptive decomposition of the fitted terminal linear scoring function
2022,D6_ARM_002,fairbias,usualpl_a,-7.177373633052951,2.3328844028503846,0.5297959739905774,0.5699152542372882,1.2359527644155461,1.3295464075566812,0.09359364314113502,True,True,shared_feature_same_name,False,descriptive decomposition of the fitted terminal linear scoring function
2022,D6_ARM_002,fairbias,region,-7.177373633052951,,,,,,,True,False,dropped_from_fairbias_representation,True,descriptive decomposition of the fitted terminal linear scoring function
2022,D6_ARM_002,fairbias,pcnt18uptc,-7.177373633052951,,,,,,,True,False,dropped_from_fairbias_representation,True,descriptive decomposition of the fitted terminal linear scoring function
2022,D6_ARM_003,baseline,agep_a,-2.6960220624758504,-1.4092949780622133,0.528957176657114,0.41641791044776116,-0.7454566926728377,-0.5868556699691903,0.1586010227036474,True,True,representation_reparameterized,False,descriptive decomposition of the fitted terminal linear scoring function
2022,D6_ARM_003,baseline,educp_a,-2.6960220624758504,-0.05199438145263097,0.6330785759546323,0.5646635850025682,-0.03291652896767356,-0.029359333831033643,0.0035571951366399203,True,True,shared_feature_same_name,False,descriptive decomposition of the fitted terminal linear scoring function
2022,D6_ARM_003,baseline,region,-2.6960220624758504,0.2409833799710506,0.5630102669937567,0.6073446327683616,0.13567611709855912,0.14635996241179627,0.01068384531323716,True,True,shared_feature_same_name,False,descriptive decomposition of the fitted terminal linear scoring function
2022,D6_ARM_003,baseline,pcnt18uptc,-2.6960220624758504,-0.22710284871613312,0.39420193917682333,0.38813559322033897,-0.08952438335648041,-0.08814669890846523,0.0013776844480151945,True,True,shared_feature_same_name,False,descriptive decomposition of the fitted terminal linear scoring function
2022,D6_ARM_003,baseline,pcntlt18tc,-2.6960220624758504,-0.002120683805941428,0.1520579416689381,0.19472693032015065,-0.0003224668144621033,-0.00041295424771062837,-9.048743324852503e-05,True,True,shared_feature_same_name,False,descriptive decomposition of the fitted terminal linear scoring function
2022,D6_ARM_003,baseline,ratcat_a,-2.6960220624758504,-0.8253828809702561,0.6896358576978492,0.5331594958713604,-0.5692136310470444,-0.4400607207189528,0.12915291032809156,True,True,shared_feature_same_name,False,descriptive decomposition of the fitted terminal linear scoring function
2022,D6_ARM_003,baseline,empwrklsw1_a,-2.6960220624758504,-0.5258949578865723,0.7794478408161676,0.7448210922787194,-0.40990768942079814,-0.39169765695694786,0.01821003246385024,True,True,representation_reparameterized,False,descriptive decomposition of the fitted terminal linear scoring function
2022,D6_ARM_003,baseline,empwrkft1_a,-2.6960220624758504,0.615967818691764,0.5440792804018535,0.5888418079096045,0.3351353275445143,0.3627076039725938,0.027572276428079467,True,True,representation_reparameterized,False,descriptive decomposition of the fitted terminal linear scoring function
2022,D6_ARM_003,baseline,notcov_a,-2.6960220624758504,-3.191861883307941,0.9774152096880963,0.8964218455743879,-3.1197743519688728,-2.861254720253446,0.258519631715427,True,True,shared_feature_same_name,False,descriptive decomposition of the fitted terminal linear scoring function
2022,D6_ARM_003,baseline,phstat_a,-2.6960220624758504,2.1507581226467587,0.5679490674039173,0.6439736346516007,1.2215210699686265,1.3850315254972865,0.16351045552865998,True,True,shared_feature_same_name,False,descriptive decomposition of the fitted terminal linear scoring function
2022,D6_ARM_003,baseline,hypev_a,-2.6960220624758504,0.08243459115216477,0.8751087055280816,0.8892655367231639,0.07213922835390756,0.07330624094548438,0.0011670125915768186,True,True,representation_reparameterized,False,descriptive decomposition of the fitted terminal linear scoring function
2022,D6_ARM_003,baseline,chlev_a,-2.6960220624758504,0.21212981953598284,0.8902431109899666,0.9099811676082862,0.18884711047745353,0.1930341408658887,0.004187030388435153,True,True,shared_feature_same_name,False,descriptive decomposition of the fitted terminal linear scoring function
2022,D6_ARM_003,baseline,dibev_a,-2.6960220624758504,0.26160295020870045,0.9635398413872771,0.9642184557438794,0.252064865150535,0.25224239266827614,0.00017752751774114734,True,True,shared_feature_same_name,False,descriptive decomposition of the fitted terminal linear scoring function
2022,D6_ARM_003,baseline,asev_a,-2.6960220624758504,-0.5153827514354394,0.9535194631569383,0.9320150659133709,-0.491427484469066,-0.48034448904971555,0.011082995419350416,True,True,shared_feature_same_name,False,descriptive decomposition of the fitted terminal linear scoring function
2022,D6_ARM_003,baseline,visiondf_a,-2.6960220624758504,1.9024803680442846,0.439211868696702,0.4719774011299436,0.8355919576075196,0.89792773981028,0.06233578220276041,True,True,shared_feature_same_name,False,descriptive decomposition of the fitted terminal linear scoring function
2022,D6_ARM_003,baseline,hearingdf_a,-2.6960220624758504,0.8158038804515182,0.4382929013667693,0.44757062146892657,0.3575610497093649,0.3651298497704479,0.007568800061082959,True,True,shared_feature_same_name,False,descriptive decomposition of the fitted terminal linear scoring function
2022,D6_ARM_003,baseline,diff_a,-2.6960220624758504,0.8886425779384457,0.45714730734784476,0.4790960451977402,0.40624056169920775,0.4257451446846339,0.019504582985426212,True,True,representation_reparameterized,False,descriptive decomposition of the fitted terminal linear scoring function
2022,D6_ARM_003,baseline,comdiff_a,-2.6960220624758504,0.14200144220879574,0.41176745453837477,0.42214689265536726,0.05847157239909395,0.05994546758102383,0.0014738951819298807,True,True,shared_feature_same_name,False,descriptive decomposition of the fitted terminal linear scoring function
2022,D6_ARM_003,baseline,uppslfcr_a,-2.6960220624758504,-1.0835875159573363,0.4123904832366342,0.41932203389830514,-0.44686117933482994,-0.4543721210980424,-0.007510941763212454,True,True,shared_feature_same_name,False,descriptive decomposition of the fitted terminal linear scoring function
2022,D6_ARM_003,baseline,cogmemdff_a,-2.6960220624758504,1.6295520807139579,0.4451851563412641,0.48158192090395485,0.7254523978188755,0.7847628212432644,0.05931042342438876,True,True,representation_reparameterized,False,descriptive decomposition of the fitted terminal linear scoring function
2022,D6_ARM_003,baseline,usualpl_a,-2.6960220624758504,1.6773939186568052,0.5297982944589386,0.5699152542372882,0.8886804372401709,0.9559723816073742,0.0672919443672033,True,True,shared_feature_same_name,False,descriptive decomposition of the fitted terminal linear scoring function
2022,D6_ARM_003,fairbias,agep_a,-2.767761815382125,-1.3828270852269364,0.6375741771384587,0.5432122013879461,-0.8816548409883372,-0.7511685451050011,0.1304862958833361,True,True,representation_reparameterized,False,descriptive decomposition of the fitted terminal linear scoring function
2022,D6_ARM_003,fairbias,educp_a,-2.767761815382125,0.011863854696808635,0.6330785759546323,0.5646635850025682,0.007510752236788288,0.00669908672504952,-0.0008116655117387666,True,True,shared_feature_same_name,False,descriptive decomposition of the fitted terminal linear scoring function
2022,D6_ARM_003,fairbias,region,-2.767761815382125,0.24867748843923568,0.5630102669937567,0.6073446327683616,0.14000797916151092,0.15103293789388608,0.011024958732375162,True,True,shared_feature_same_name,False,descriptive decomposition of the fitted terminal linear scoring function
2022,D6_ARM_003,fairbias,pcnt18uptc,-2.767761815382125,-0.24737277212472597,0.39420193917682333,0.38813559322033897,-0.09751482647111341,-0.09601417765519024,0.0015006488159231596,True,True,shared_feature_same_name,False,descriptive decomposition of the fitted terminal linear scoring function
2022,D6_ARM_003,fairbias,pcntlt18tc,-2.767761815382125,0.1376796667975834,0.1520579416689381,0.19472693032015065,0.02093528674290577,0.026809938882994582,0.0058746521400888105,True,True,shared_feature_same_name,False,descriptive decomposition of the fitted terminal linear scoring function
2022,D6_ARM_003,fairbias,ratcat_a,-2.767761815382125,-0.6632308414705944,0.6896358576978492,0.5331594958713604,-0.4573877702092396,-0.3536078210848002,0.10377994912443939,True,True,shared_feature_same_name,False,descriptive decomposition of the fitted terminal linear scoring function
2022,D6_ARM_003,fairbias,empwrklsw1_a,-2.767761815382125,-0.3100651485680198,0.9641758498500838,0.9564971751412429,-0.29895732812946296,-0.29657643871506073,0.002380889414402241,True,True,representation_reparameterized,False,descriptive decomposition of the fitted terminal linear scoring function
2022,D6_ARM_003,fairbias,empwrkft1_a,-2.767761815382125,0.3994769788579303,0.7490751917760212,0.7495762711864407,0.29923829454810974,0.299438464237152,0.00020016968904226925,True,True,representation_reparameterized,False,descriptive decomposition of the fitted terminal linear scoring function
2022,D6_ARM_003,fairbias,notcov_a,-2.767761815382125,-3.273014871136885,0.9774152096880963,0.8964218455743879,-3.199094516584516,-2.9340020313769437,0.26509248520757206,True,True,shared_feature_same_name,False,descriptive decomposition of the fitted terminal linear scoring function
2022,D6_ARM_003,fairbias,phstat_a,-2.767761815382125,2.1697759001565595,0.5679490674039173,0.6439736346516007,1.232322198969413,1.3972784728032683,0.1649562738338553,True,True,shared_feature_same_name,False,descriptive decomposition of the fitted terminal linear scoring function
2022,D6_ARM_003,fairbias,hypev_a,-2.767761815382125,-0.16137200928749884,0.9984424282543515,0.9983050847457627,-0.1611206608052941,-0.16109849740735055,2.2163397943559613e-05,True,True,representation_reparameterized,False,descriptive decomposition of the fitted terminal linear scoring function
2022,D6_ARM_003,fairbias,chlev_a,-2.767761815382125,0.33971761549744844,0.8902431109899666,0.9099811676082862,0.30243126687854177,0.30913663240747097,0.006705365528929173,True,True,shared_feature_same_name,False,descriptive decomposition of the fitted terminal linear scoring function
2022,D6_ARM_003,fairbias,dibev_a,-2.767761815382125,0.379696081276989,0.9635398413872771,0.9642184557438794,0.36585230192900065,0.3661099691409009,0.000257667211900208,True,True,shared_feature_same_name,False,descriptive decomposition of the fitted terminal linear scoring function
2022,D6_ARM_003,fairbias,asev_a,-2.767761815382125,-0.6280997465152183,0.9535194631569383,0.9320150659133709,-0.5989053331062,-0.5853984266485527,0.013506906457647206,True,True,shared_feature_same_name,False,descriptive decomposition of the fitted terminal linear scoring function
2022,D6_ARM_003,fairbias,visiondf_a,-2.767761815382125,1.974508086734494,0.439211868696702,0.4719774011299436,0.8672273865314069,0.9319231952870036,0.06469580875559687,True,True,shared_feature_same_name,False,descriptive decomposition of the fitted terminal linear scoring function
2022,D6_ARM_003,fairbias,hearingdf_a,-2.767761815382125,0.7060967918006555,0.4382929013667693,0.44757062146892657,0.309477211524077,0.3160281799234346,0.0065509683993577,True,True,shared_feature_same_name,False,descriptive decomposition of the fitted terminal linear scoring function
2022,D6_ARM_003,fairbias,diff_a,-2.767761815382125,0.4850925598558552,0.4371325104162611,0.4474576271186442,0.21204972847404038,0.21705836576600984,0.005008637291969447,True,True,representation_reparameterized,False,descriptive decomposition of the fitted terminal linear scoring function
2022,D6_ARM_003,fairbias,comdiff_a,-2.767761815382125,0.6823293659011155,0.41176745453837477,0.42214689265536726,0.28096102615388563,0.288043221582663,0.007082195428777353,True,True,shared_feature_same_name,False,descriptive decomposition of the fitted terminal linear scoring function
2022,D6_ARM_003,fairbias,uppslfcr_a,-2.767761815382125,-0.6732356360174894,0.4123904832366342,0.41932203389830514,-0.2776359692693752,-0.2823025361876727,-0.004666566918297491,True,True,shared_feature_same_name,False,descriptive decomposition of the fitted terminal linear scoring function
2022,D6_ARM_003,fairbias,cogmemdff_a,-2.767761815382125,1.6240055824929973,0.43590202873719885,0.45898305084745766,0.7079073280892338,0.7453910368459384,0.037483708756704606,True,True,representation_reparameterized,False,descriptive decomposition of the fitted terminal linear scoring function
2022,D6_ARM_003,fairbias,usualpl_a,-2.767761815382125,1.7538532171179722,0.5297982944589386,0.5699152542372882,0.9291884431604241,0.9995477021286748,0.07035925896825077,True,True,shared_feature_same_name,False,descriptive decomposition of the fitted terminal linear scoring function
2022,D6_ARM_004,baseline,agep_a,-0.32554798207685065,-1.2827138429585958,0.528957176657114,0.41641791044776116,-0.6785006928303755,-0.5341450181872361,0.14435567464313936,True,False,representation_reparameterized,False,descriptive decomposition of the fitted terminal linear scoring function
2022,D6_ARM_004,baseline,educp_a,-0.32554798207685065,-0.08781567688310245,0.6330785759546323,0.5646635850025682,-0.055594223667646624,-0.04958631492823978,0.006007908739406843,True,True,shared_feature_same_name,False,descriptive decomposition of the fitted terminal linear scoring function
2022,D6_ARM_004,baseline,region,-0.32554798207685065,0.266176379108538,0.5630102669937567,0.6073446327683616,0.14986003426932937,0.16166079522128718,0.01180076095195783,True,True,shared_feature_same_name,False,descriptive decomposition of the fitted terminal linear scoring function
2022,D6_ARM_004,baseline,pcnt18uptc,-0.32554798207685065,-0.24165355608799566,0.39420193917682333,0.38813559322033897,-0.09526030041886313,-0.09379434634601864,0.00146595407284448,True,True,shared_feature_same_name,False,descriptive decomposition of the fitted terminal linear scoring function
2022,D6_ARM_004,baseline,pcntlt18tc,-0.32554798207685065,-0.07173974514199863,0.1520579416689381,0.19472693032015065,-0.010908597982146512,-0.013969660353451333,-0.00306106237130482,True,True,representation_reparameterized,False,descriptive decomposition of the fitted terminal linear scoring function
2022,D6_ARM_004,baseline,ratcat_a,-0.32554798207685065,-0.9194463781711607,0.6896358576978492,0.5331594958713604,-0.6340831916172495,-0.4902115674664842,0.14387162415076524,True,True,shared_feature_same_name,False,descriptive decomposition of the fitted terminal linear scoring function
2022,D6_ARM_004,baseline,empwrklsw1_a,-0.32554798207685065,-0.42931524864445647,0.7794478408161676,0.7448210922787194,-0.3346288435853777,-0.3197630524272741,0.014865791158103636,True,True,representation_reparameterized,False,descriptive decomposition of the fitted terminal linear scoring function
2022,D6_ARM_004,baseline,empwrkft1_a,-0.32554798207685065,0.5292439850715911,0.5440792804018535,0.5888418079096045,0.2879506865547606,0.31164098499483944,0.023690298440078857,True,True,representation_reparameterized,False,descriptive decomposition of the fitted terminal linear scoring function
2022,D6_ARM_004,baseline,notcov_a,-0.32554798207685065,-3.178282037617721,0.9774152096880963,0.8964218455743879,-3.106501204246035,-2.8490814499172035,0.25741975432883113,True,True,shared_feature_same_name,False,descriptive decomposition of the fitted terminal linear scoring function
2022,D6_ARM_004,baseline,phstat_a,-0.32554798207685065,2.7074381354157686,0.5679490674039173,0.6439736346516007,1.5376869640631865,1.7435187766580453,0.20583181259485886,True,True,representation_reparameterized,False,descriptive decomposition of the fitted terminal linear scoring function
2022,D6_ARM_004,baseline,hypev_a,-0.32554798207685065,-0.015355370429584096,0.8751087055280816,0.8892655367231639,-0.013437618339537521,-0.0136550017266471,-0.00021738338710957988,True,True,representation_reparameterized,False,descriptive decomposition of the fitted terminal linear scoring function
2022,D6_ARM_004,baseline,chlev_a,-0.32554798207685065,0.028355505475386802,0.8902431109899666,0.9099811676082862,0.02524329340810138,0.025802975980615633,0.0005596825725142567,True,True,representation_reparameterized,False,descriptive decomposition of the fitted terminal linear scoring function
2022,D6_ARM_004,baseline,dibev_a,-0.32554798207685065,0.05607576545075598,0.9635398413872771,0.9642184557438794,0.05403123414809157,0.054069287967583916,3.8053819492347655e-05,True,True,representation_reparameterized,False,descriptive decomposition of the fitted terminal linear scoring function
2022,D6_ARM_004,baseline,asev_a,-0.32554798207685065,-0.7698761152359231,0.9535194631569383,0.9320150659133709,-0.7340918600971066,-0.7175361382867389,0.01655572181036772,True,True,shared_feature_same_name,False,descriptive decomposition of the fitted terminal linear scoring function
2022,D6_ARM_004,baseline,usualpl_a,-0.32554798207685065,1.6179945543870025,0.5297982944589386,0.5699152542372882,0.8572107553580842,0.9221197778180162,0.06490902245993209,True,True,shared_feature_same_name,False,descriptive decomposition of the fitted terminal linear scoring function
2022,D6_ARM_004,fairbias,educp_a,0.07771434752878432,-0.15167782057687734,0.6330785759546323,0.5646635850025682,-0.09602397865471174,-0.08564694193231587,0.010377036722395875,True,True,shared_feature_same_name,False,descriptive decomposition of the fitted terminal linear scoring function
2022,D6_ARM_004,fairbias,region,0.07771434752878432,0.2841988461916283,0.5630102669937567,0.6073446327683616,0.16000686827366623,0.17260664387344654,0.012599775599780334,True,True,shared_feature_same_name,False,descriptive decomposition of the fitted terminal linear scoring function
2022,D6_ARM_004,fairbias,pcnt18uptc,0.07771434752878432,-0.056552013073862276,0.39420193917682333,0.38813559322033897,-0.022292913218069574,-0.0219498491422279,0.00034306407584167535,True,True,shared_feature_same_name,False,descriptive decomposition of the fitted terminal linear scoring function
2022,D6_ARM_004,fairbias,pcntlt18tc,0.07771434752878432,0.0604569491875026,0.08627649494438172,0.11517053776940782,0.0052160136709283106,0.006962859349822438,0.0017468456788941268,True,True,representation_reparameterized,False,descriptive decomposition of the fitted terminal linear scoring function
2022,D6_ARM_004,fairbias,ratcat_a,0.07771434752878432,-1.13875362603502,0.6896358576978492,0.5331594958713604,-0.7853253335971968,-0.6071373091785148,0.17818802441868192,True,True,shared_feature_same_name,False,descriptive decomposition of the fitted terminal linear scoring function
2022,D6_ARM_004,fairbias,empwrklsw1_a,0.07771434752878432,-0.2613698815693852,0.9641758498500838,0.9564971751412429,-0.2520065276873777,-0.24999955338811813,0.002006974299259572,True,True,representation_reparameterized,False,descriptive decomposition of the fitted terminal linear scoring function
2022,D6_ARM_004,fairbias,empwrkft1_a,0.07771434752878432,0.2622073791679064,0.7490751917760212,0.7495762711864407,0.19641304283528738,0.19654442955424845,0.00013138671896108003,True,True,representation_reparameterized,False,descriptive decomposition of the fitted terminal linear scoring function
2022,D6_ARM_004,fairbias,notcov_a,0.07771434752878432,-3.2966774292545873,0.9774152096880963,0.8964218455743879,-3.2222226607888866,-2.9552136653958256,0.2670089953930609,True,True,shared_feature_same_name,False,descriptive decomposition of the fitted terminal linear scoring function
2022,D6_ARM_004,fairbias,phstat_a,0.07771434752878432,0.48800088668900055,0.762869436548421,0.7840395480225989,0.3722809614635677,0.3826119946342715,0.010331033170703805,True,True,representation_reparameterized,False,descriptive decomposition of the fitted terminal linear scoring function
2022,D6_ARM_004,fairbias,hypev_a,0.07771434752878432,0.22027706104195505,0.9984424282543515,0.9983050847457627,0.2199339637154616,0.2199037100910365,-3.0253624425117864e-05,True,True,representation_reparameterized,False,descriptive decomposition of the fitted terminal linear scoring function
2022,D6_ARM_004,fairbias,chlev_a,0.07771434752878432,0.40644511116015036,0.9968459172150618,0.9977401129943503,0.4051631496320178,0.40552659113492967,0.0003634415029118554,True,True,representation_reparameterized,False,descriptive decomposition of the fitted terminal linear scoring function
2022,D6_ARM_004,fairbias,dibev_a,0.07771434752878432,0.1164023904186169,0.9991043962462521,0.9983050847457627,0.11629814000081276,0.1162050982314667,-9.304176934605727e-05,True,True,representation_reparameterized,False,descriptive decomposition of the fitted terminal linear scoring function
2022,D6_ARM_004,fairbias,asev_a,0.07771434752878432,-1.2405522136876,0.9535194631569383,0.9320150659133709,-1.1828906808135515,-1.1562133532090266,0.026677327604524986,True,True,shared_feature_same_name,False,descriptive decomposition of the fitted terminal linear scoring function
2022,D6_ARM_004,fairbias,usualpl_a,0.07771434752878432,2.046530226451969,0.5297982944589386,0.5699152542372882,1.0842482235329185,1.1663487943126687,0.08210057077975036,True,True,shared_feature_same_name,False,descriptive decomposition of the fitted terminal linear scoring function
2022,D6_ARM_004,fairbias,agep_a,0.07771434752878432,,,,,,,True,False,dropped_from_fairbias_representation,True,descriptive decomposition of the fitted terminal linear scoring function
2023,D6_ARM_001,baseline,agep_a,-2.480813540430048,-1.4574467298955243,0.5324840256811598,0.4167266312295444,-0.7760671019506108,-0.6073568659458776,0.1687102360047332,True,False,representation_reparameterized,False,descriptive decomposition of the fitted terminal linear scoring function
2023,D6_ARM_001,baseline,educp_a,-2.480813540430048,-0.07351618910681766,0.6319325328759292,0.5782082096234508,-0.04645727158965708,-0.042507664081792074,0.003949607507865007,True,True,shared_feature_same_name,False,descriptive decomposition of the fitted terminal linear scoring function
2023,D6_ARM_001,baseline,region,-2.480813540430048,0.2678975286718267,0.5704500024377164,0.6196647658545016,0.15282214588390172,0.16600665937742712,0.013184513493525384,True,True,shared_feature_same_name,False,descriptive decomposition of the fitted terminal linear scoring function
2023,D6_ARM_001,baseline,pcnt18uptc,-2.480813540430048,-0.24726627751652416,0.39207620301301743,0.3963193364437532,-0.09694722322184184,-0.0979964070302658,-0.0010491838084239573,True,True,representation_reparameterized,False,descriptive decomposition of the fitted terminal linear scoring function
2023,D6_ARM_001,baseline,pcntlt18tc,-2.480813540430048,0.021267404638790274,0.1459704548778704,0.19751166407465007,0.003104412729195947,0.004200560480756399,0.0010961477515604521,True,True,representation_reparameterized,False,descriptive decomposition of the fitted terminal linear scoring function
2023,D6_ARM_001,baseline,ratcat_a,-2.480813540430048,-0.7852227676052573,0.6767306848482803,0.5241057542768275,-0.5313843412799678,-0.4115397708910914,0.11984457038887639,True,True,shared_feature_same_name,False,descriptive decomposition of the fitted terminal linear scoring function
2023,D6_ARM_001,baseline,empwrklsw1_a,-2.480813540430048,-0.4702681738290486,0.7804836429233094,0.7532400207361327,-0.367036617460988,-0.35422480900653586,0.012811808454452131,True,True,representation_reparameterized,False,descriptive decomposition of the fitted terminal linear scoring function
2023,D6_ARM_001,baseline,empwrkft1_a,-2.480813540430048,0.6136638223718801,0.5442811174491736,0.5952566096423018,0.3340056309786981,0.36528744636522104,0.03128181538652294,True,True,representation_reparameterized,False,descriptive decomposition of the fitted terminal linear scoring function
2023,D6_ARM_001,baseline,notcov_a,-2.480813540430048,-3.212170391336212,0.9786943591243722,0.9116986348712631,-3.1437330425470775,-2.9285313607551156,0.2152016817919623,True,True,representation_reparameterized,False,descriptive decomposition of the fitted terminal linear scoring function
2023,D6_ARM_001,baseline,phstat_a,-2.480813540430048,2.155261281836782,0.5704682853103212,0.6498185588387766,1.2295082078451538,1.400528780084192,0.17102057223903797,True,True,shared_feature_same_name,False,descriptive decomposition of the fitted terminal linear scoring function
2023,D6_ARM_001,baseline,hypev_a,-2.480813540430048,0.03816876868710634,0.8718614402028181,0.8897528944185241,0.033277877638308764,0.033960772415744,0.0006828947774352374,True,True,shared_feature_same_name,False,descriptive decomposition of the fitted terminal linear scoring function
2023,D6_ARM_001,baseline,chlev_a,-2.480813540430048,0.1849935020422332,0.8875115791526497,0.9039225851045446,0.1641838751304813,0.16721980459355829,0.0030359294630769758,True,True,shared_feature_same_name,False,descriptive decomposition of the fitted terminal linear scoring function
2023,D6_ARM_001,baseline,dibev_a,-2.480813540430048,0.18495985021932904,0.9620813222173468,0.9597373423189908,0.1779464172561345,0.17751287508521746,-0.00043354217091704324,True,True,shared_feature_same_name,False,descriptive decomposition of the fitted terminal linear scoring function
2023,D6_ARM_001,baseline,asev_a,-2.480813540430048,-0.5666242875481572,0.95129442738043,0.929151546569898,-0.5390265271629683,-0.5264798330994368,0.012546694063531491,True,True,representation_reparameterized,False,descriptive decomposition of the fitted terminal linear scoring function
2023,D6_ARM_001,baseline,visiondf_a,-2.480813540430048,1.9453076696996852,0.44036858271171575,0.4729911871435978,0.8566523814438808,0.9201133840507999,0.06346100260691906,True,True,shared_feature_same_name,False,descriptive decomposition of the fitted terminal linear scoring function
2023,D6_ARM_001,baseline,hearingdf_a,-2.480813540430048,0.8147662729322994,0.4387816293696067,0.4475894245723173,0.35750447279263603,0.36468076726269955,0.0071762944700635295,True,True,representation_reparameterized,False,descriptive decomposition of the fitted terminal linear scoring function
2023,D6_ARM_001,baseline,diff_a,-2.480813540430048,0.8360659838565015,0.4591487494515139,0.47993779160186634,0.3838786509466623,0.401259661925531,0.017381010978868686,True,True,representation_reparameterized,False,descriptive decomposition of the fitted terminal linear scoring function
2023,D6_ARM_001,baseline,comdiff_a,-2.480813540430048,0.040164841807268134,0.41298815269855205,0.4200103680663557,0.01658760382141324,0.016869649990797642,0.0002820461693844018,True,True,shared_feature_same_name,False,descriptive decomposition of the fitted terminal linear scoring function
2023,D6_ARM_001,baseline,uppslfcr_a,-2.480813540430048,-1.0971444211112762,0.4129735264004681,0.4218766200103682,-0.4530916005569239,-0.4628595800416572,-0.009767979484733352,True,True,shared_feature_same_name,False,descriptive decomposition of the fitted terminal linear scoring function
2023,D6_ARM_001,baseline,cogmemdff_a,-2.480813540430048,1.6618766421770692,0.44615328360392,0.48771384136858487,0.7414517208519562,0.8105202410369036,0.0690685201849474,True,True,shared_feature_same_name,False,descriptive decomposition of the fitted terminal linear scoring function
2023,D6_ARM_001,baseline,usualpl_a,-2.480813540430048,1.6455072801094341,0.5310260348105894,0.5694660445826853,0.8738072062084706,0.9370605221359324,0.06325331592746165,True,True,representation_reparameterized,False,descriptive decomposition of the fitted terminal linear scoring function
2023,D6_ARM_001,fairbias,educp_a,-7.7767452643864114,-0.2051005672928068,0.6319325328759292,0.5782082096234508,-0.12960972098363335,-0.1185908318071279,0.01101888917650546,True,True,shared_feature_same_name,False,descriptive decomposition of the fitted terminal linear scoring function
2023,D6_ARM_001,fairbias,region,-7.7767452643864114,0.33525663249480153,0.5704500024377164,0.6196647658545016,0.1912471468239201,0.20774672267605987,0.016499575852139764,True,True,shared_feature_same_name,False,descriptive decomposition of the fitted terminal linear scoring function
2023,D6_ARM_001,fairbias,pcnt18uptc,-7.7767452643864114,0.12023898813025438,0.2091855267340927,0.23919171925675534,0.025152256066001584,0.028760170292568145,0.0036079142265665587,True,True,representation_reparameterized,False,descriptive decomposition of the fitted terminal linear scoring function
2023,D6_ARM_001,fairbias,pcntlt18tc,-7.7767452643864114,0.18687730552847617,0.05217444186717524,0.07919228954670246,0.009750219113589826,0.014799241689118666,0.005049022575528838,True,True,representation_reparameterized,False,descriptive decomposition of the fitted terminal linear scoring function
2023,D6_ARM_001,fairbias,ratcat_a,-7.7767452643864114,-1.054579163915696,0.6767306848482803,0.5241057542768275,-0.7136660798233958,-0.5527110081486619,0.16095507167473383,True,True,shared_feature_same_name,False,descriptive decomposition of the fitted terminal linear scoring function
2023,D6_ARM_001,fairbias,empwrklsw1_a,-7.7767452643864114,0.11960077016561417,0.9650065818341378,0.9652669777086573,0.11541553040224965,0.11544667394939014,3.114354714048522e-05,True,True,representation_reparameterized,False,descriptive decomposition of the fitted terminal linear scoring function
2023,D6_ARM_001,fairbias,empwrkft1_a,-7.7767452643864114,-0.21616527553220372,0.963946175223051,0.9637117677553136,-0.20837169056530475,-0.20832101981045448,5.0670754850260445e-05,True,True,representation_reparameterized,False,descriptive decomposition of the fitted terminal linear scoring function
2023,D6_ARM_001,fairbias,notcov_a,-7.7767452643864114,0.31860515105591813,0.9971113061284189,0.9984447900466563,0.31768479830860874,0.3181096531538094,0.0004248548452006642,True,True,representation_reparameterized,False,descriptive decomposition of the fitted terminal linear scoring function
2023,D6_ARM_001,fairbias,phstat_a,-7.7767452643864114,1.9068549121098346,0.5704682853103212,0.6498185588387766,1.0878002520468606,1.2391097109018547,0.15130945885499408,True,True,shared_feature_same_name,False,descriptive decomposition of the fitted terminal linear scoring function
2023,D6_ARM_001,fairbias,hypev_a,-7.7767452643864114,1.080870665581942,0.8718614402028181,0.8897528944185241,0.9423694551672505,0.9617078031936095,0.019338348026359028,True,True,shared_feature_same_name,False,descriptive decomposition of the fitted terminal linear scoring function
2023,D6_ARM_001,fairbias,chlev_a,-7.7767452643864114,1.018423566782313,0.8875115791526497,0.9039225851045446,0.9038627080012446,0.9205760632172592,0.0167133552160146,True,True,shared_feature_same_name,False,descriptive decomposition of the fitted terminal linear scoring function
2023,D6_ARM_001,fairbias,dibev_a,-7.7767452643864114,0.517288064825286,0.9620813222173468,0.9597373423189908,0.4976731853743637,0.4964606725487538,-0.0012125128256099441,True,True,shared_feature_same_name,False,descriptive decomposition of the fitted terminal linear scoring function
2023,D6_ARM_001,fairbias,asev_a,-7.7767452643864114,-0.48428875585965886,0.999049290624543,0.9984447900466563,-0.48382833799903463,-0.4835355851662535,0.0002927528327811634,True,True,representation_reparameterized,False,descriptive decomposition of the fitted terminal linear scoring function
2023,D6_ARM_001,fairbias,visiondf_a,-7.7767452643864114,1.8037745060997017,0.44036858271171575,0.4729911871435978,0.7943256227826507,0.8531694449794547,0.058843822196803945,True,True,shared_feature_same_name,False,descriptive decomposition of the fitted terminal linear scoring function
2023,D6_ARM_001,fairbias,hearingdf_a,-7.7767452643864114,0.40002977613836876,0.6037004534152405,0.6057024364955934,0.24149815723433038,0.24229901007779675,0.0008008528434663851,True,True,representation_reparameterized,False,descriptive decomposition of the fitted terminal linear scoring function
2023,D6_ARM_001,fairbias,diff_a,-7.7767452643864114,-0.45727460229070616,0.42768758227292686,0.4414722654224988,-0.1955706690885263,-0.2018740545934502,-0.006303385504923903,True,True,representation_reparameterized,False,descriptive decomposition of the fitted terminal linear scoring function
2023,D6_ARM_001,fairbias,comdiff_a,-7.7767452643864114,0.22110597484028363,0.41298815269855205,0.4200103680663557,0.09131414809990127,0.09286680187433792,0.0015526537744366524,True,True,shared_feature_same_name,False,descriptive decomposition of the fitted terminal linear scoring function
2023,D6_ARM_001,fairbias,uppslfcr_a,-7.7767452643864114,-0.8399676092501496,0.4129735264004681,0.4218766200103682,-0.3468843856542047,-0.3543626959086428,-0.007478310254438074,True,True,shared_feature_same_name,False,descriptive decomposition of the fitted terminal linear scoring function
2023,D6_ARM_001,fairbias,cogmemdff_a,-7.7767452643864114,1.4980282369907045,0.44615328360392,0.48771384136858487,0.668350216864794,0.7306091059413453,0.06225888907655128,True,True,shared_feature_same_name,False,descriptive decomposition of the fitted terminal linear scoring function
2023,D6_ARM_001,fairbias,usualpl_a,-7.7767452643864114,1.4290597325984673,0.7547352640046804,0.7566096423017107,1.0785617745611622,1.0812403731091047,0.00267859854794249,True,True,representation_reparameterized,False,descriptive decomposition of the fitted terminal linear scoring function
2023,D6_ARM_001,fairbias,agep_a,-7.7767452643864114,,,,,,,True,False,dropped_from_fairbias_representation,True,descriptive decomposition of the fitted terminal linear scoring function
2023,D6_ARM_002,baseline,agep_a,-2.5821995683289694,-1.4290675735252885,0.5324519912866204,0.41643414208089535,-0.7609098752066786,-0.5951125289566304,0.16579734625004824,True,True,representation_reparameterized,False,descriptive decomposition of the fitted terminal linear scoring function
2023,D6_ARM_002,baseline,educp_a,-2.5821995683289694,-0.07243126182938266,0.6319265335425034,0.578550915681936,-0.045771236207951226,-0.04190517285538739,0.0038660633525638335,True,True,shared_feature_same_name,False,descriptive decomposition of the fitted terminal linear scoring function
2023,D6_ARM_002,baseline,region,-2.5821995683289694,0.24562359583008453,0.5704884469143024,0.6197134472639393,0.14012542371061126,0.15221624530122624,0.012090821590614968,True,False,representation_reparameterized,False,descriptive decomposition of the fitted terminal linear scoring function
2023,D6_ARM_002,baseline,pcnt18uptc,-2.5821995683289694,-0.22539617973213336,0.3921102661596958,0.39590885551527705,-0.08838015602614545,-0.08923634355526461,-0.0008561875291191601,True,False,representation_reparameterized,False,descriptive decomposition of the fitted terminal linear scoring function
2023,D6_ARM_002,baseline,pcntlt18tc,-2.5821995683289694,-0.00372038919358513,0.14594910792629423,0.19730709476954947,-0.0005429874839423749,-0.000734059183198309,-0.00019107169925593407,True,True,representation_reparameterized,False,descriptive decomposition of the fitted terminal linear scoring function
2023,D6_ARM_002,baseline,ratcat_a,-2.5821995683289694,-0.8101315430410964,0.6767610862375415,0.5241206230331037,-0.548265503063788,-0.4246066490774691,0.12365885398631889,True,True,shared_feature_same_name,False,descriptive decomposition of the fitted terminal linear scoring function
2023,D6_ARM_002,baseline,empwrklsw1_a,-2.5821995683289694,-0.47909585122256565,0.7804426245490885,0.7531503538753668,-0.3739068235387188,-0.3608312098884954,0.013075613650223389,True,True,representation_reparameterized,False,descriptive decomposition of the fitted terminal linear scoring function
2023,D6_ARM_002,baseline,empwrkft1_a,-2.5821995683289694,0.6167295383662079,0.5442929219069903,0.5955463490419471,0.3356815224636926,0.3672910249203206,0.03160950245662801,True,True,representation_reparameterized,False,descriptive decomposition of the fitted terminal linear scoring function
2023,D6_ARM_002,baseline,notcov_a,-2.5821995683289694,-3.1938991854112078,0.9786974748951934,0.9117900914897289,-3.125861067831764,-2.9121656304750556,0.21369543735670854,True,True,representation_reparameterized,False,descriptive decomposition of the fitted terminal linear scoring function
2023,D6_ARM_002,baseline,phstat_a,-2.5821995683289694,2.149539913824539,0.5704701667154138,0.6497496979112721,1.2262483930009211,1.3966629096557162,0.17041451665479507,True,True,shared_feature_same_name,False,descriptive decomposition of the fitted terminal linear scoring function
2023,D6_ARM_002,baseline,hypev_a,-2.5821995683289694,0.058790910386622534,0.8718558057911671,0.889694458829622,0.051257196548325085,0.052305947200526934,0.001048750652201853,True,True,representation_reparameterized,False,descriptive decomposition of the fitted terminal linear scoring function
2023,D6_ARM_002,baseline,chlev_a,-2.5821995683289694,0.19950141048935044,0.8875280296382957,0.90402209563266,0.177063093761674,0.18035368319225412,0.0032905894305801115,True,True,shared_feature_same_name,False,descriptive decomposition of the fitted terminal linear scoring function
2023,D6_ARM_002,baseline,dibev_a,-2.5821995683289694,0.22034398915116915,0.9620868675051184,0.9597790436733988,0.21199005829603013,0.2114815431866909,-0.0005085151093392262,True,True,shared_feature_same_name,False,descriptive decomposition of the fitted terminal linear scoring function
2023,D6_ARM_002,baseline,asev_a,-2.5821995683289694,-0.5427267150155931,0.9513015501608657,0.9290523045054376,-0.5162967653080481,-0.5042215053019027,0.012075260006145436,True,True,representation_reparameterized,False,descriptive decomposition of the fitted terminal linear scoring function
2023,D6_ARM_002,baseline,visiondf_a,-2.5821995683289694,1.9299933572697217,0.44037730330506003,0.4730191610564475,0.8499252700711193,0.9129238387002403,0.06299856862912095,True,True,shared_feature_same_name,False,descriptive decomposition of the fitted terminal linear scoring function
2023,D6_ARM_002,baseline,hearingdf_a,-2.5821995683289694,0.8156321507428345,0.4387759578824218,0.4475401346452616,0.35787977822188705,0.36502812256445244,0.0071483443425654014,True,True,shared_feature_same_name,False,descriptive decomposition of the fitted terminal linear scoring function
2023,D6_ARM_002,baseline,diff_a,-2.5821995683289694,0.8547027802978361,0.4591400994442821,0.4798549974106681,0.39242831954125285,0.410133400426709,0.017705080885456137,True,True,shared_feature_same_name,False,descriptive decomposition of the fitted terminal linear scoring function
2023,D6_ARM_002,baseline,comdiff_a,-2.5821995683289694,0.0908617772865303,0.41299356536999127,0.41998964267219063,0.037525329357418244,0.03816100537513003,0.0006356760177117886,True,True,shared_feature_same_name,False,descriptive decomposition of the fitted terminal linear scoring function
2023,D6_ARM_002,baseline,uppslfcr_a,-2.5821995683289694,-1.1088840418841346,0.412971629131325,0.4218539616778872,-0.4579376492946195,-0.46778712611021034,-0.009849476815590865,True,True,shared_feature_same_name,False,descriptive decomposition of the fitted terminal linear scoring function
2023,D6_ARM_002,baseline,cogmemdff_a,-2.5821995683289694,1.6446785096550207,0.4461611582334017,0.4877265665458313,0.7337916687892689,0.8021534025857581,0.06836173379648913,True,True,shared_feature_same_name,False,descriptive decomposition of the fitted terminal linear scoring function
2023,D6_ARM_002,baseline,usualpl_a,-2.5821995683289694,1.6554266559896156,0.5310214975138929,0.5693940963231486,0.8790671418880217,0.942590164816459,0.06352302292843727,True,True,shared_feature_same_name,False,descriptive decomposition of the fitted terminal linear scoring function
2023,D6_ARM_002,fairbias,agep_a,-7.177373633052951,-3.9422168766450065,0.13918941819127656,0.04451397301706461,-0.5487148734440499,-0.17548373567439254,0.3732311377696574,True,True,representation_reparameterized,False,descriptive decomposition of the fitted terminal linear scoring function
2023,D6_ARM_002,fairbias,educp_a,-7.177373633052951,-0.33303046881964343,0.6319265335425034,0.578550915681936,-0.21045078972523204,-0.19267508268558914,0.017775707039642905,True,True,shared_feature_same_name,False,descriptive decomposition of the fitted terminal linear scoring function
2023,D6_ARM_002,fairbias,pcntlt18tc,-7.177373633052951,-0.010392820316551643,0.08069286016054078,0.11502387939467172,-0.0008386263964771289,-0.0011954225106615302,-0.0003567961141844013,True,True,representation_reparameterized,False,descriptive decomposition of the fitted terminal linear scoring function
2023,D6_ARM_002,fairbias,ratcat_a,-7.177373633052951,-0.9032515389729838,0.6767610862375415,0.5241206230331037,-0.6112854926610876,-0.47341275936213,0.13787273329895755,True,True,shared_feature_same_name,False,descriptive decomposition of the fitted terminal linear scoring function
2023,D6_ARM_002,fairbias,empwrklsw1_a,-7.177373633052951,-0.42936168241925515,0.9649751389295116,0.9653029518384257,-0.4143233491435296,-0.4144640994456197,-0.00014075030209012907,True,True,representation_reparameterized,False,descriptive decomposition of the fitted terminal linear scoring function
2023,D6_ARM_002,fairbias,empwrkft1_a,-7.177373633052951,0.4851477254962971,0.7499817198011114,0.7599689280165717,0.36385192552531037,0.3686971968750989,0.00484527134978849,True,True,representation_reparameterized,False,descriptive decomposition of the fitted terminal linear scoring function
2023,D6_ARM_002,fairbias,notcov_a,-7.177373633052951,1.1286911895360299,0.9971117285756069,0.9984464008285863,1.1254312230263288,1.1269376558391848,0.0015064328128559853,True,True,representation_reparameterized,False,descriptive decomposition of the fitted terminal linear scoring function
2023,D6_ARM_002,fairbias,phstat_a,-7.177373633052951,1.7386588827494276,0.5704701667154138,0.6497496979112721,0.9918530227033011,1.1296930838371906,0.13784006113388936,True,True,shared_feature_same_name,False,descriptive decomposition of the fitted terminal linear scoring function
2023,D6_ARM_002,fairbias,hypev_a,-7.177373633052951,-0.5514054560453532,0.9985010236911378,0.9979285344381149,-0.5505789123301639,-0.5502632386325197,0.0003156736976441501,True,True,representation_reparameterized,False,descriptive decomposition of the fitted terminal linear scoring function
2023,D6_ARM_002,fairbias,chlev_a,-7.177373633052951,0.6691714206179167,0.8875280296382957,0.90402209563266,0.5939083924312788,0.6049457500044932,0.011037357573214439,True,True,shared_feature_same_name,False,descriptive decomposition of the fitted terminal linear scoring function
2023,D6_ARM_002,fairbias,dibev_a,-7.177373633052951,0.448835906360469,0.9620868675051184,0.9597790436733988,0.43181913117416426,0.4307832969729341,-0.001035834201230143,True,True,shared_feature_same_name,False,descriptive decomposition of the fitted terminal linear scoring function
2023,D6_ARM_002,fairbias,asev_a,-7.177373633052951,-0.35873549896107054,0.9990494296577946,0.9984464008285863,-0.3583944956350619,-0.3581781677871279,0.00021632784793397628,True,True,representation_reparameterized,False,descriptive decomposition of the fitted terminal linear scoring function
2023,D6_ARM_002,fairbias,visiondf_a,-7.177373633052951,1.6610267490927502,0.44037730330506003,0.4730191610564475,0.7314784804830359,0.7856974793481709,0.05421899886513508,True,True,shared_feature_same_name,False,descriptive decomposition of the fitted terminal linear scoring function
2023,D6_ARM_002,fairbias,hearingdf_a,-7.177373633052951,0.9225514561071504,0.4387759578824218,0.4475401346452616,0.40479339884923793,0.41287880288337625,0.008085404034138313,True,True,shared_feature_same_name,False,descriptive decomposition of the fitted terminal linear scoring function
2023,D6_ARM_002,fairbias,diff_a,-7.177373633052951,0.45986518189248854,0.4591400994442821,0.4798549974106681,0.21114254534508006,0.22066860566627652,0.009526060321196456,True,True,shared_feature_same_name,False,descriptive decomposition of the fitted terminal linear scoring function
2023,D6_ARM_002,fairbias,comdiff_a,-7.177373633052951,0.3845168044928755,0.41299356536999127,0.41998964267219063,0.15880296603218852,0.16149307532041537,0.0026901092882268374,True,True,shared_feature_same_name,False,descriptive decomposition of the fitted terminal linear scoring function
2023,D6_ARM_002,fairbias,uppslfcr_a,-7.177373633052951,-0.6673499402632816,0.412971629131325,0.4218539616778872,-0.27559659203121983,-0.2815242161255667,-0.005927624094346872,True,True,shared_feature_same_name,False,descriptive decomposition of the fitted terminal linear scoring function
2023,D6_ARM_002,fairbias,cogmemdff_a,-7.177373633052951,1.6963495677757772,0.4461611582334017,0.4877265665458313,0.7568452879275711,0.8273547503527847,0.07050946242521366,True,True,shared_feature_same_name,False,descriptive decomposition of the fitted terminal linear scoring function
2023,D6_ARM_002,fairbias,usualpl_a,-7.177373633052951,2.3328844028503846,0.5310214975138929,0.5693940963231486,1.238811769128415,1.328330606387363,0.08951883725894785,True,True,shared_feature_same_name,False,descriptive decomposition of the fitted terminal linear scoring function
2023,D6_ARM_002,fairbias,region,-7.177373633052951,,,,,,,True,False,dropped_from_fairbias_representation,True,descriptive decomposition of the fitted terminal linear scoring function
2023,D6_ARM_002,fairbias,pcnt18uptc,-7.177373633052951,,,,,,,True,False,dropped_from_fairbias_representation,True,descriptive decomposition of the fitted terminal linear scoring function
2023,D6_ARM_003,baseline,agep_a,-2.6960220624758504,-1.4092949780622133,0.5324474479636478,0.41643414208089535,-0.7503755144972105,-0.586878545128252,0.16349696936895852,True,True,representation_reparameterized,False,descriptive decomposition of the fitted terminal linear scoring function
2023,D6_ARM_003,baseline,educp_a,-2.6960220624758504,-0.05199438145263097,0.6319197237262392,0.578550915681936,-0.032856275162863255,-0.030081396999735513,0.0027748781631277415,True,True,shared_feature_same_name,False,descriptive decomposition of the fitted terminal linear scoring function
2023,D6_ARM_003,baseline,region,-2.6960220624758504,0.2409833799710506,0.5704849304717683,0.6197134472639393,0.13747738676763652,0.1493406411351755,0.011863254367538987,True,True,shared_feature_same_name,False,descriptive decomposition of the fitted terminal linear scoring function
2023,D6_ARM_003,baseline,pcnt18uptc,-2.6960220624758504,-0.22710284871613312,0.3921063215238931,0.39590885551527705,-0.08904846261768014,-0.08991202891946337,-0.0008635663017832279,True,True,shared_feature_same_name,False,descriptive decomposition of the fitted terminal linear scoring function
2023,D6_ARM_003,baseline,pcntlt18tc,-2.6960220624758504,-0.002120683805941428,0.14595444407882707,0.19730709476954947,-0.00030952322596315235,-0.0004184259606751342,-0.00010890273471198188,True,True,shared_feature_same_name,False,descriptive decomposition of the fitted terminal linear scoring function
2023,D6_ARM_003,baseline,ratcat_a,-2.6960220624758504,-0.8253828809702561,0.6767492680622,0.5241206230331037,-0.5585772605676909,-0.4326001898149887,0.1259770707527021,True,True,shared_feature_same_name,False,descriptive decomposition of the fitted terminal linear scoring function
2023,D6_ARM_003,baseline,empwrklsw1_a,-2.6960220624758504,-0.5258949578865723,0.780434597150622,0.7531503538753668,-0.41042661960175036,-0.396077973633543,0.014348645968207351,True,True,representation_reparameterized,False,descriptive decomposition of the fitted terminal linear scoring function
2023,D6_ARM_003,baseline,empwrkft1_a,-2.6960220624758504,0.615967818691764,0.544303681766663,0.5955463490419471,0.3352735515637075,0.3668373855492121,0.031563833985504615,True,True,representation_reparameterized,False,descriptive decomposition of the fitted terminal linear scoring function
2023,D6_ARM_003,baseline,notcov_a,-2.6960220624758504,-3.191861883307941,0.9786966960379266,0.9117900914897289,-3.123864679402876,-2.910308038603926,0.2135566407989501,True,True,shared_feature_same_name,False,descriptive decomposition of the fitted terminal linear scoring function
2023,D6_ARM_003,baseline,phstat_a,-2.6960220624758504,2.1507581226467587,0.5704788368493534,0.6497496979112721,1.2269619921518218,1.3974544404699463,0.17049244831812435,True,True,shared_feature_same_name,False,descriptive decomposition of the fitted terminal linear scoring function
2023,D6_ARM_003,baseline,hypev_a,-2.6960220624758504,0.08243459115216477,0.8718876823516506,0.889694458829622,0.07187370462526682,0.07334159896396637,0.001467894338699553,True,True,representation_reparameterized,False,descriptive decomposition of the fitted terminal linear scoring function
2023,D6_ARM_003,baseline,chlev_a,-2.6960220624758504,0.21212981953598284,0.8875604792024667,0.90402209563266,0.18827804428048972,0.1917700440030972,0.003491999722607471,True,True,shared_feature_same_name,False,descriptive decomposition of the fitted terminal linear scoring function
2023,D6_ARM_003,baseline,dibev_a,-2.6960220624758504,0.26160295020870045,0.9621220430697233,0.9597790436733988,0.25169396492786195,0.2510810293734463,-0.000612935554415675,True,True,shared_feature_same_name,False,descriptive decomposition of the fitted terminal linear scoring function
2023,D6_ARM_003,baseline,asev_a,-2.6960220624758504,-0.5153827514354394,0.9513363313955614,0.9290523045054376,-0.49030233601514145,-0.47881753292344814,0.011484803091693304,True,True,shared_feature_same_name,False,descriptive decomposition of the fitted terminal linear scoring function
2023,D6_ARM_003,baseline,visiondf_a,-2.6960220624758504,1.9024803680442846,0.4403934042630984,0.4730191610564475,0.8378398058267349,0.8999096676186689,0.062069861791934036,True,True,shared_feature_same_name,False,descriptive decomposition of the fitted terminal linear scoring function
2023,D6_ARM_003,baseline,hearingdf_a,-2.6960220624758504,0.8158038804515182,0.43879200029249393,0.4475401346452616,0.35796821654970024,0.36510497850139934,0.007136761951699093,True,True,shared_feature_same_name,False,descriptive decomposition of the fitted terminal linear scoring function
2023,D6_ARM_003,baseline,diff_a,-2.6960220624758504,0.8886425779384457,0.459156886402691,0.4798549974106681,0.4080263592110774,0.4264195819356623,0.018393222724584924,True,True,representation_reparameterized,False,descriptive decomposition of the fitted terminal linear scoring function
2023,D6_ARM_003,baseline,comdiff_a,-2.6960220624758504,0.14200144220879574,0.4130086651310739,0.41998964267219063,0.05864782609334206,0.05963913497220785,0.0009913088788657848,True,True,shared_feature_same_name,False,descriptive decomposition of the fitted terminal linear scoring function
2023,D6_ARM_003,baseline,uppslfcr_a,-2.6960220624758504,-1.0835875159573363,0.4129867280903807,0.4218539616778872,-0.44750726281480346,-0.4571156864313031,-0.009608423616499648,True,True,shared_feature_same_name,False,descriptive decomposition of the fitted terminal linear scoring function
2023,D6_ARM_003,baseline,cogmemdff_a,-2.6960220624758504,1.6295520807139579,0.4461774706592082,0.4877265665458313,0.7270694256804037,0.7947758413342341,0.0677064156538304,True,True,representation_reparameterized,False,descriptive decomposition of the fitted terminal linear scoring function
2023,D6_ARM_003,baseline,usualpl_a,-2.6960220624758504,1.6773939186568052,0.5310226317136485,0.5693940963231486,0.8907341331056063,0.9550981944915367,0.06436406138593036,True,True,shared_feature_same_name,False,descriptive decomposition of the fitted terminal linear scoring function
2023,D6_ARM_003,fairbias,agep_a,-2.767761815382125,-1.3828270852269364,0.6402671233512723,0.5423455140920252,-0.8853787199504753,-0.7499700664377796,0.13540865351269565,True,True,representation_reparameterized,False,descriptive decomposition of the fitted terminal linear scoring function
2023,D6_ARM_003,fairbias,educp_a,-2.767761815382125,0.011863854696808635,0.6319197237262392,0.578550915681936,0.007497003782335558,0.006863843998356073,-0.0006331597839794852,True,True,shared_feature_same_name,False,descriptive decomposition of the fitted terminal linear scoring function
2023,D6_ARM_003,fairbias,region,-2.767761815382125,0.24867748843923568,0.5704849304717683,0.6197134472639393,0.14186675970215132,0.15410878361761715,0.012242023915465822,True,True,shared_feature_same_name,False,descriptive decomposition of the fitted terminal linear scoring function
2023,D6_ARM_003,fairbias,pcnt18uptc,-2.767761815382125,-0.24737277212472597,0.3921063215238931,0.39590885551527705,-0.09699642772299454,-0.09793707109754168,-0.000940643374547152,True,True,shared_feature_same_name,False,descriptive decomposition of the fitted terminal linear scoring function
2023,D6_ARM_003,fairbias,pcntlt18tc,-2.767761815382125,0.1376796667975834,0.14595444407882707,0.19730709476954947,0.02009495922839943,0.02716517506467078,0.00707021583627135,True,True,shared_feature_same_name,False,descriptive decomposition of the fitted terminal linear scoring function
2023,D6_ARM_003,fairbias,ratcat_a,-2.767761815382125,-0.6632308414705944,0.6767492680622,0.5241206230331037,-0.4488409865215018,-0.34761296184633755,0.10122802467516423,True,True,shared_feature_same_name,False,descriptive decomposition of the fitted terminal linear scoring function
2023,D6_ARM_003,fairbias,empwrklsw1_a,-2.767761815382125,-0.3100651485680198,0.9649738583598406,0.9653029518384257,-0.2992047627565993,-0.2993068031749295,-0.00010204041833026121,True,True,representation_reparameterized,False,descriptive decomposition of the fitted terminal linear scoring function
2023,D6_ARM_003,fairbias,empwrkft1_a,-2.767761815382125,0.3994769788579303,0.7499817191327557,0.7599689280165717,0.2996004313578301,0.30359009138995996,0.003989660032129894,True,True,representation_reparameterized,False,descriptive decomposition of the fitted terminal linear scoring function
2023,D6_ARM_003,fairbias,notcov_a,-2.767761815382125,-3.273014871136885,0.9786966960379266,0.9117900914897289,-3.2032888404646696,-2.9843025288011438,0.21898631166352597,True,True,shared_feature_same_name,False,descriptive decomposition of the fitted terminal linear scoring function
2023,D6_ARM_003,fairbias,phstat_a,-2.767761815382125,2.1697759001565595,0.5704788368493534,0.6497496979112721,1.237811231745073,1.409811235661883,0.17200000391681025,True,True,shared_feature_same_name,False,descriptive decomposition of the fitted terminal linear scoring function
2023,D6_ARM_003,fairbias,hypev_a,-2.767761815382125,-0.16137200928749884,0.9985375306204526,0.9979285344381149,-0.16113600766519984,-0.16103773272760757,9.827493759224636e-05,True,True,representation_reparameterized,False,descriptive decomposition of the fitted terminal linear scoring function
2023,D6_ARM_003,fairbias,chlev_a,-2.767761815382125,0.33971761549744844,0.8875604792024667,0.90402209563266,0.3015199296044347,0.30711223068533355,0.005592301080898881,True,True,shared_feature_same_name,False,descriptive decomposition of the fitted terminal linear scoring function
2023,D6_ARM_003,fairbias,dibev_a,-2.767761815382125,0.379696081276989,0.9621220430697233,0.9597790436733988,0.36531396946378436,0.3644243417745656,-0.0008896276892187369,True,True,shared_feature_same_name,False,descriptive decomposition of the fitted terminal linear scoring function
2023,D6_ARM_003,fairbias,asev_a,-2.767761815382125,-0.6280997465152183,0.9513363313955614,0.9290523045054376,-0.5975341086002698,-0.5835375169592447,0.013996591641025045,True,True,shared_feature_same_name,False,descriptive decomposition of the fitted terminal linear scoring function
2023,D6_ARM_003,fairbias,visiondf_a,-2.767761815382125,1.974508086734494,0.4403934042630984,0.4730191610564475,0.869560338062021,0.9339801586863216,0.06441982062430057,True,True,shared_feature_same_name,False,descriptive decomposition of the fitted terminal linear scoring function
2023,D6_ARM_003,fairbias,hearingdf_a,-2.767761815382125,0.7060967918006555,0.43879200029249393,0.4475401346452616,0.30982962367432226,0.3160066532750526,0.006177029600730354,True,True,shared_feature_same_name,False,descriptive decomposition of the fitted terminal linear scoring function
2023,D6_ARM_003,fairbias,diff_a,-2.767761815382125,0.4850925598558552,0.43871156447661885,0.444018643190057,0.2128157158503301,0.21539014024878836,0.002574424398458237,True,True,representation_reparameterized,False,descriptive decomposition of the fitted terminal linear scoring function
2023,D6_ARM_003,fairbias,comdiff_a,-2.767761815382125,0.6823293659011155,0.4130086651310739,0.41998964267219063,0.2818079405905518,0.2865712665695519,0.004763325979000091,True,True,shared_feature_same_name,False,descriptive decomposition of the fitted terminal linear scoring function
2023,D6_ARM_003,fairbias,uppslfcr_a,-2.767761815382125,-0.6732356360174894,0.4129867280903807,0.4218539616778872,-0.2780373825527094,-0.28400712019671,-0.005969737644000594,True,True,shared_feature_same_name,False,descriptive decomposition of the fitted terminal linear scoring function
2023,D6_ARM_003,fairbias,cogmemdff_a,-2.767761815382125,1.6240055824929973,0.43656904683558195,0.4618332470222683,0.7089905692046319,0.7500197713450312,0.041029202140399255,True,True,representation_reparameterized,False,descriptive decomposition of the fitted terminal linear scoring function
2023,D6_ARM_003,fairbias,usualpl_a,-2.767761815382125,1.7538532171179722,0.5310226317136485,0.5693940963231486,0.9313357509934346,0.9986336676443347,0.06729791665090024,True,True,shared_feature_same_name,False,descriptive decomposition of the fitted terminal linear scoring function
2023,D6_ARM_004,baseline,agep_a,-0.32554798207685065,-1.2827138429585958,0.5324474479636478,0.41643414208089535,-0.6829777121509477,-0.5341658387277511,0.14881187342319652,True,False,representation_reparameterized,False,descriptive decomposition of the fitted terminal linear scoring function
2023,D6_ARM_004,baseline,educp_a,-0.32554798207685065,-0.08781567688310245,0.6319197237262392,0.578550915681936,-0.055492458274802786,-0.050805840271947934,0.00468661800285485,True,True,shared_feature_same_name,False,descriptive decomposition of the fitted terminal linear scoring function
2023,D6_ARM_004,baseline,region,-0.32554798207685065,0.266176379108538,0.5704849304717683,0.6197134472639393,0.15184961312896134,0.16495308147758525,0.013103468348623935,True,True,shared_feature_same_name,False,descriptive decomposition of the fitted terminal linear scoring function
2023,D6_ARM_004,baseline,pcnt18uptc,-0.32554798207685065,-0.24165355608799566,0.3921063215238931,0.39590885551527705,-0.09475388696083176,-0.09567278282199516,-0.0009188958611634166,True,True,shared_feature_same_name,False,descriptive decomposition of the fitted terminal linear scoring function
2023,D6_ARM_004,baseline,pcntlt18tc,-0.32554798207685065,-0.07173974514199863,0.14595444407882707,0.19730709476954947,-0.010470734620557145,-0.014154760693475649,-0.0036840260729185045,True,True,representation_reparameterized,False,descriptive decomposition of the fitted terminal linear scoring function
2023,D6_ARM_004,baseline,ratcat_a,-0.32554798207685065,-0.9194463781711607,0.6767492680622,0.5241206230331037,-0.6222346634497737,-0.4819008085725994,0.14033385487717437,True,True,shared_feature_same_name,False,descriptive decomposition of the fitted terminal linear scoring function
2023,D6_ARM_004,baseline,empwrklsw1_a,-0.32554798207685065,-0.42931524864445647,0.780434597150622,0.7531503538753668,-0.33505247312645553,-0.32333893144066345,0.011713541685792047,True,True,representation_reparameterized,False,descriptive decomposition of the fitted terminal linear scoring function
2023,D6_ARM_004,baseline,empwrkft1_a,-0.32554798207685065,0.5292439850715911,0.544303681766663,0.5955463490419471,0.28806944962732783,0.31518932306179687,0.027119873434468995,True,True,representation_reparameterized,False,descriptive decomposition of the fitted terminal linear scoring function
2023,D6_ARM_004,baseline,notcov_a,-0.32554798207685065,-3.178282037617721,0.9786966960379266,0.9117900914897289,-3.110574129293153,-2.897926069859624,0.21264805943352902,True,True,shared_feature_same_name,False,descriptive decomposition of the fitted terminal linear scoring function
2023,D6_ARM_004,baseline,phstat_a,-0.32554798207685065,2.7074381354157686,0.5704788368493534,0.6497496979112721,1.54453615833357,1.7591571105998536,0.21462095226628367,True,True,representation_reparameterized,False,descriptive decomposition of the fitted terminal linear scoring function
2023,D6_ARM_004,baseline,hypev_a,-0.32554798207685065,-0.015355370429584096,0.8718876823516506,0.889694458829622,-0.013388158335501147,-0.013661587984477202,-0.00027342964897605497,True,True,representation_reparameterized,False,descriptive decomposition of the fitted terminal linear scoring function
2023,D6_ARM_004,baseline,chlev_a,-0.32554798207685065,0.028355505475386802,0.8875604792024667,0.90402209563266,0.02516722602776248,0.025634003482582542,0.00046677745482006294,True,True,representation_reparameterized,False,descriptive decomposition of the fitted terminal linear scoring function
2023,D6_ARM_004,baseline,dibev_a,-0.32554798207685065,0.05607576545075598,0.9621220430697233,0.9597790436733988,0.05395173002217995,0.053820344537580396,-0.0001313854845995516,True,True,representation_reparameterized,False,descriptive decomposition of the fitted terminal linear scoring function
2023,D6_ARM_004,baseline,asev_a,-0.32554798207685065,-0.7698761152359231,0.9513363313955614,0.9290523045054376,-0.7324111190976096,-0.7152551790436282,0.017155940053981335,True,True,shared_feature_same_name,False,descriptive decomposition of the fitted terminal linear scoring function
2023,D6_ARM_004,baseline,usualpl_a,-0.32554798207685065,1.6179945543870025,0.5310226317136485,0.5693940963231486,0.859191726368938,0.9212765471509629,0.06208482078202481,True,True,shared_feature_same_name,False,descriptive decomposition of the fitted terminal linear scoring function
2023,D6_ARM_004,fairbias,educp_a,0.07771434752878432,-0.15167782057687734,0.6319197237262392,0.578550915681936,-0.09584820647433841,-0.08775334198339277,0.008094864490945632,True,True,shared_feature_same_name,False,descriptive decomposition of the fitted terminal linear scoring function
2023,D6_ARM_004,fairbias,region,0.07771434752878432,0.2841988461916283,0.5704849304717683,0.6197134472639393,0.16213115900978783,0.17612184668184802,0.013990687672060194,True,True,shared_feature_same_name,False,descriptive decomposition of the fitted terminal linear scoring function
2023,D6_ARM_004,fairbias,pcnt18uptc,0.07771434752878432,-0.056552013073862276,0.3921063215238931,0.39590885551527705,-0.022174401821163245,-0.022389442773157797,-0.00021504095199455207,True,True,shared_feature_same_name,False,descriptive decomposition of the fitted terminal linear scoring function
2023,D6_ARM_004,fairbias,pcntlt18tc,0.07771434752878432,0.0604569491875026,0.0806958104314691,0.11502387939467172,0.00487862251089967,0.006953992831913096,0.002075370321013426,True,True,representation_reparameterized,False,descriptive decomposition of the fitted terminal linear scoring function
2023,D6_ARM_004,fairbias,ratcat_a,0.07771434752878432,-1.13875362603502,0.6767492680622,0.5241206230331037,-0.770650682922376,-0.5968442599586806,0.1738064229636954,True,True,shared_feature_same_name,False,descriptive decomposition of the fitted terminal linear scoring function
2023,D6_ARM_004,fairbias,empwrklsw1_a,0.07771434752878432,-0.2613698815693852,0.9649738583598406,0.9653029518384257,-0.2522151030770642,-0.25230111820058726,-8.601512352304942e-05,True,True,representation_reparameterized,False,descriptive decomposition of the fitted terminal linear scoring function
2023,D6_ARM_004,fairbias,empwrkft1_a,0.07771434752878432,0.2622073791679064,0.7499817191327557,0.7599689280165717,0.19665074099764074,0.19926946086426855,0.0026187198666278223,True,True,representation_reparameterized,False,descriptive decomposition of the fitted terminal linear scoring function
2023,D6_ARM_004,fairbias,notcov_a,0.07771434752878432,-3.2966774292545873,0.9786966960379266,0.9117900914897289,-3.2264473079142704,-3.0058778148321643,0.22056949308210583,True,True,shared_feature_same_name,False,descriptive decomposition of the fitted terminal linear scoring function
2023,D6_ARM_004,fairbias,phstat_a,0.07771434752878432,0.48800088668900055,0.7616814741691346,0.7819782496116002,0.37170123476912276,0.38160607918197353,0.009904844412850776,True,True,representation_reparameterized,False,descriptive decomposition of the fitted terminal linear scoring function
2023,D6_ARM_004,fairbias,hypev_a,0.07771434752878432,0.22027706104195505,0.9985375306204526,0.9979285344381149,0.2199549125851645,0.21982076469593337,-0.00013414788923111324,True,True,representation_reparameterized,False,descriptive decomposition of the fitted terminal linear scoring function
2023,D6_ARM_004,fairbias,chlev_a,0.07771434752878432,0.40644511116015036,0.9972944316478374,0.9958570688762299,0.4053454461305042,0.4047612370590208,-0.0005842090714834486,True,True,representation_reparameterized,False,descriptive decomposition of the fitted terminal linear scoring function
2023,D6_ARM_004,fairbias,dibev_a,0.07771434752878432,0.1164023904186169,0.9991225183722716,0.9989642672190575,0.1163002494596009,0.11628182864708027,-1.8420812520624753e-05,True,True,representation_reparameterized,False,descriptive decomposition of the fitted terminal linear scoring function
2023,D6_ARM_004,fairbias,asev_a,0.07771434752878432,-1.2405522136876,0.9513363313955614,0.9290523045054376,-1.1801823918742038,-1.1525378929857868,0.02764449888841704,True,True,shared_feature_same_name,False,descriptive decomposition of the fitted terminal linear scoring function
2023,D6_ARM_004,fairbias,usualpl_a,0.07771434752878432,2.046530226451969,0.5310226317136485,0.5693940963231486,1.0867538667320535,1.1652822288886275,0.07852836215657404,True,True,shared_feature_same_name,False,descriptive decomposition of the fitted terminal linear scoring function
2023,D6_ARM_004,fairbias,agep_a,0.07771434752878432,,,,,,,True,False,dropped_from_fairbias_representation,True,descriptive decomposition of the fitted terminal linear scoring function
2024,D6_ARM_001,baseline,agep_a,-2.480813540430048,-1.4574467298955243,0.5384107762126019,0.40964704375120103,-0.7847050251315676,-0.5970387443265567,0.18766628080501088,True,False,representation_reparameterized,False,descriptive decomposition of the fitted terminal linear scoring function
2024,D6_ARM_001,baseline,educp_a,-2.480813540430048,-0.07351618910681766,0.6320969794632803,0.6119958855034938,-0.04646936107607075,-0.04499160525126918,0.0014777558248015696,True,True,shared_feature_same_name,False,descriptive decomposition of the fitted terminal linear scoring function
2024,D6_ARM_001,baseline,region,-2.480813540430048,0.2678975286718267,0.5658956367990511,0.5877227207699312,0.15160204258463542,0.15744946443854663,0.005847421853911212,True,True,shared_feature_same_name,False,descriptive decomposition of the fitted terminal linear scoring function
2024,D6_ARM_001,baseline,pcnt18uptc,-2.480813540430048,-0.24726627751652416,0.39181522140531105,0.3817791650409676,-0.096882691271204,-0.09440111297304678,0.0024815782981572284,True,True,representation_reparameterized,False,descriptive decomposition of the fitted terminal linear scoring function
2024,D6_ARM_001,baseline,pcntlt18tc,-2.480813540430048,0.021267404638790274,0.14269088304741445,0.1805176225777084,0.0030346647480356628,0.0038391413237925474,0.0008044765757568849,True,True,representation_reparameterized,False,descriptive decomposition of the fitted terminal linear scoring function
2024,D6_ARM_001,baseline,ratcat_a,-2.480813540430048,-0.7852227676052573,0.6767381743713701,0.575017257420691,-0.5313902222240164,-0.4515166422926597,0.07987357993135677,True,True,shared_feature_same_name,False,descriptive decomposition of the fitted terminal linear scoring function
2024,D6_ARM_001,baseline,empwrklsw1_a,-2.480813540430048,-0.4702681738290486,0.7876030930719217,0.7453505007153076,-0.37038466828104283,-0.3505146188339547,0.019870049447088107,True,True,representation_reparameterized,False,descriptive decomposition of the fitted terminal linear scoring function
2024,D6_ARM_001,baseline,empwrkft1_a,-2.480813540430048,0.6136638223718801,0.5430724812837815,0.6171478735856418,0.33326393468958665,0.3787213230732428,0.04545738838365616,True,True,representation_reparameterized,False,descriptive decomposition of the fitted terminal linear scoring function
2024,D6_ARM_001,baseline,notcov_a,-2.480813540430048,-3.212170391336212,0.9788498338201229,0.9168942645337496,-3.14423245376137,-2.9452206085213026,0.1990118452400677,True,True,representation_reparameterized,False,descriptive decomposition of the fitted terminal linear scoring function
2024,D6_ARM_001,baseline,phstat_a,-2.480813540430048,2.155261281836782,0.5741374872707333,0.6416309012875536,1.2374162967656697,1.3828822387751025,0.14546594200943272,True,True,shared_feature_same_name,False,descriptive decomposition of the fitted terminal linear scoring function
2024,D6_ARM_001,baseline,hypev_a,-2.480813540430048,0.03816876868710634,0.87232685399671,0.8862010664585772,0.03329564190975161,0.03382520351592439,0.0005295616061727798,True,True,shared_feature_same_name,False,descriptive decomposition of the fitted terminal linear scoring function
2024,D6_ARM_001,baseline,chlev_a,-2.480813540430048,0.1849935020422332,0.8851960027304975,0.8990766029392637,0.16375550853890095,0.16632332938196875,0.0025678208430678215,True,True,shared_feature_same_name,False,descriptive decomposition of the fitted terminal linear scoring function
2024,D6_ARM_001,baseline,dibev_a,-2.480813540430048,0.18495985021932904,0.9613030292857061,0.962543893874366,0.17780246431207147,0.17803197444053248,0.00022951012846100568,True,True,shared_feature_same_name,False,descriptive decomposition of the fitted terminal linear scoring function
2024,D6_ARM_001,baseline,asev_a,-2.480813540430048,-0.5666242875481572,0.9518470026074012,0.9289894654701522,-0.5393396297072676,-0.5263879940117684,0.012951635695499276,True,True,representation_reparameterized,False,descriptive decomposition of the fitted terminal linear scoring function
2024,D6_ARM_001,baseline,visiondf_a,-2.480813540430048,1.9453076696996852,0.4401181723570686,0.46874756145142416,0.8561652562604135,0.9118582264444799,0.05569297018406633,True,True,shared_feature_same_name,False,descriptive decomposition of the fitted terminal linear scoring function
2024,D6_ARM_001,baseline,hearingdf_a,-2.480813540430048,0.8147662729322994,0.4400846006647196,0.44775653531018333,0.3585660898584929,0.3648169234557576,0.006250833597264665,True,True,representation_reparameterized,False,descriptive decomposition of the fitted terminal linear scoring function
2024,D6_ARM_001,baseline,diff_a,-2.480813540430048,0.8360659838565015,0.4607849061671199,0.473741708934842,0.3852465859208389,0.3960793279744691,0.010832742053630218,True,True,representation_reparameterized,False,descriptive decomposition of the fitted terminal linear scoring function
2024,D6_ARM_001,baseline,comdiff_a,-2.480813540430048,0.040164841807268134,0.4124349548460739,0.41997658993367154,0.016565384717180335,0.016868293297441835,0.00030290858026150205,True,True,shared_feature_same_name,False,descriptive decomposition of the fitted terminal linear scoring function
2024,D6_ARM_001,baseline,uppslfcr_a,-2.480813540430048,-1.0971444211112762,0.41290495853896003,0.4198985563792431,-0.4530163717102028,-0.46068935856416526,-0.007672986853962455,True,True,shared_feature_same_name,False,descriptive decomposition of the fitted terminal linear scoring function
2024,D6_ARM_001,baseline,cogmemdff_a,-2.480813540430048,1.6618766421770692,0.4523919830798671,0.4934061646507999,0.751819669788595,0.8199801801393375,0.06816051035074241,True,True,shared_feature_same_name,False,descriptive decomposition of the fitted terminal linear scoring function
2024,D6_ARM_001,baseline,usualpl_a,-2.480813540430048,1.6455072801094341,0.5296521972672642,0.5559890753023801,0.8715465465292414,0.9148840710713788,0.0433375245421374,True,True,representation_reparameterized,False,descriptive decomposition of the fitted terminal linear scoring function
2024,D6_ARM_001,fairbias,educp_a,-7.7767452643864114,-0.2051005672928068,0.6320969794632803,0.6119958855034938,-0.1296434490719884,-0.1255207032976302,0.004122745774358209,True,True,shared_feature_same_name,False,descriptive decomposition of the fitted terminal linear scoring function
2024,D6_ARM_001,fairbias,region,-7.7767452643864114,0.33525663249480153,0.5658956367990511,0.5877227207699312,0.18972026553675114,0.19703794020600968,0.007317674669258512,True,True,shared_feature_same_name,False,descriptive decomposition of the fitted terminal linear scoring function
2024,D6_ARM_001,fairbias,pcnt18uptc,-7.7767452643864114,0.12023898813025438,0.20815586809598843,0.21186271253663871,0.02502845095323635,0.0254741581779364,0.0004457072247000486,True,True,representation_reparameterized,False,descriptive decomposition of the fitted terminal linear scoring function
2024,D6_ARM_001,fairbias,pcntlt18tc,-7.7767452643864114,0.18687730552847617,0.05224003155899408,0.07079351696294184,0.009762476338467375,0.013229701698919042,0.0034672253604516685,True,True,representation_reparameterized,False,descriptive decomposition of the fitted terminal linear scoring function
2024,D6_ARM_001,fairbias,ratcat_a,-7.7767452643864114,-1.054579163915696,0.6767381743713701,0.575017257420691,-0.713673978118394,-0.6064012185678089,0.1072727595505851,True,True,shared_feature_same_name,False,descriptive decomposition of the fitted terminal linear scoring function
2024,D6_ARM_001,fairbias,empwrklsw1_a,-7.7767452643864114,0.11960077016561417,0.9700204787323329,0.9715177526336325,0.11601519633280477,0.11619427144454908,0.00017907511174430733,True,True,representation_reparameterized,False,descriptive decomposition of the fitted terminal linear scoring function
2024,D6_ARM_001,fairbias,empwrkft1_a,-7.7767452643864114,-0.21616527553220372,0.9693154731930037,0.9707374170893485,-0.20953234634039408,-0.20983972123453878,-0.00030737489414469976,True,True,representation_reparameterized,False,descriptive decomposition of the fitted terminal linear scoring function
2024,D6_ARM_001,fairbias,notcov_a,-7.7767452643864114,0.31860515105591813,0.9976499815355692,0.9968786578228638,0.31785642306807393,0.3176106753600744,-0.00024574770799951084,True,True,representation_reparameterized,False,descriptive decomposition of the fitted terminal linear scoring function
2024,D6_ARM_001,fairbias,phstat_a,-7.7767452643864114,1.9068549121098346,0.5741374872707333,0.6416309012875536,1.0947968878285954,1.223497035881632,0.12870014805303653,True,True,shared_feature_same_name,False,descriptive decomposition of the fitted terminal linear scoring function
2024,D6_ARM_001,fairbias,hypev_a,-7.7767452643864114,1.080870665581942,0.87232685399671,0.8862010664585772,0.9428725072844254,0.9578687365425091,0.014996229258083743,True,True,shared_feature_same_name,False,descriptive decomposition of the fitted terminal linear scoring function
2024,D6_ARM_001,fairbias,chlev_a,-7.7767452643864114,1.018423566782313,0.8851960027304975,0.8990766029392637,0.9015044704022392,0.9156408007759304,0.014136330373691039,True,True,shared_feature_same_name,False,descriptive decomposition of the fitted terminal linear scoring function
2024,D6_ARM_001,fairbias,dibev_a,-7.7767452643864114,0.517288064825286,0.9613030292857061,0.962543893874366,0.49727058372988814,0.49791246817166623,0.0006418844417781077,True,True,shared_feature_same_name,False,descriptive decomposition of the fitted terminal linear scoring function
2024,D6_ARM_001,fairbias,asev_a,-7.7767452643864114,-0.48428875585965886,0.9991607076912747,0.999219664455716,-0.4838822960316637,-0.4839108481297645,-2.8552098100754947e-05,True,True,representation_reparameterized,False,descriptive decomposition of the fitted terminal linear scoring function
2024,D6_ARM_001,fairbias,visiondf_a,-7.7767452643864114,1.8037745060997017,0.4401181723570686,0.46874756145142416,0.7938739389688748,0.8455149011424822,0.05164096217360733,True,True,shared_feature_same_name,False,descriptive decomposition of the fitted terminal linear scoring function
2024,D6_ARM_001,fairbias,hearingdf_a,-7.7767452643864114,0.40002977613836876,0.6034780273273574,0.6045259461568475,0.24140918017618718,0.2418283789109593,0.0004191987347720936,True,True,representation_reparameterized,False,descriptive decomposition of the fitted terminal linear scoring function
2024,D6_ARM_001,fairbias,diff_a,-7.7767452643864114,-0.45727460229070616,0.430832242253332,0.4372220054623488,-0.19700864223040557,-0.1999305186605405,-0.002921876430134942,True,True,representation_reparameterized,False,descriptive decomposition of the fitted terminal linear scoring function
2024,D6_ARM_001,fairbias,comdiff_a,-7.7767452643864114,0.22110597484028363,0.4124349548460739,0.41997658993367154,0.09119183274944953,0.0928593333273825,0.0016675005779329647,True,True,shared_feature_same_name,False,descriptive decomposition of the fitted terminal linear scoring function
2024,D6_ARM_001,fairbias,uppslfcr_a,-7.7767452643864114,-0.8399676092501496,0.41290495853896003,0.4198985563792431,-0.34682679087150237,-0.352701186529462,-0.005874395657959591,True,True,shared_feature_same_name,False,descriptive decomposition of the fitted terminal linear scoring function
2024,D6_ARM_001,fairbias,cogmemdff_a,-7.7767452643864114,1.4980282369907045,0.4523919830798671,0.4934061646507999,0.677695964841862,0.7391363669521831,0.061440402110321084,True,True,shared_feature_same_name,False,descriptive decomposition of the fitted terminal linear scoring function
2024,D6_ARM_001,fairbias,usualpl_a,-7.7767452643864114,1.4290597325984673,0.7547755732366469,0.7562426843542723,1.0786193788614176,1.0807159682828635,0.002096589421446036,True,True,representation_reparameterized,False,descriptive decomposition of the fitted terminal linear scoring function
2024,D6_ARM_001,fairbias,agep_a,-7.7767452643864114,,,,,,,True,False,dropped_from_fairbias_representation,True,descriptive decomposition of the fitted terminal linear scoring function
2024,D6_ARM_002,baseline,agep_a,-2.5821995683289694,-1.4290675735252885,0.5383530135566336,0.40959205532400395,-0.769342834783405,-0.58533472463711,0.18400811014629503,True,True,representation_reparameterized,False,descriptive decomposition of the fitted terminal linear scoring function
2024,D6_ARM_002,baseline,educp_a,-2.5821995683289694,-0.07243126182938266,0.632091449217427,0.6121117571975606,-0.045783181258381385,-0.044336026954420016,0.001447154303961369,True,True,shared_feature_same_name,False,descriptive decomposition of the fitted terminal linear scoring function
2024,D6_ARM_002,baseline,region,-2.5821995683289694,0.24562359583008453,0.5659203562597206,0.5877535101404057,0.13900339285795507,0.1443661306224405,0.005362737764485433,True,False,representation_reparameterized,False,descriptive decomposition of the fitted terminal linear scoring function
2024,D6_ARM_002,baseline,pcnt18uptc,-2.5821995683289694,-0.22539617973213336,0.39181296364673895,0.38163026521060844,-0.08831314517550021,-0.08601800384863202,0.002295141326868186,True,False,representation_reparameterized,False,descriptive decomposition of the fitted terminal linear scoring function
2024,D6_ARM_002,baseline,pcntlt18tc,-2.5821995683289694,-0.00372038919358513,0.14267172412249784,0.18044721788871554,-0.0005307943406554999,-0.0006713338794456786,-0.00014053953879017875,True,True,representation_reparameterized,False,descriptive decomposition of the fitted terminal linear scoring function
2024,D6_ARM_002,baseline,ratcat_a,-2.5821995683289694,-0.8101315430410964,0.6767325185975115,0.5751830073202929,-0.5482423595174895,-0.46597389725140714,0.0822684622660823,True,True,shared_feature_same_name,False,descriptive decomposition of the fitted terminal linear scoring function
2024,D6_ARM_002,baseline,empwrklsw1_a,-2.5821995683289694,-0.47909585122256565,0.7875980441520368,0.7453198127925117,-0.37733495538424794,-0.35707963014287164,0.02025532524137626,True,True,representation_reparameterized,False,descriptive decomposition of the fitted terminal linear scoring function
2024,D6_ARM_002,baseline,empwrkft1_a,-2.5821995683289694,0.6167295383662079,0.5430918733845792,0.6171996879875195,0.3349408003629106,0.38064527865231046,0.04570447828939986,True,True,representation_reparameterized,False,descriptive decomposition of the fitted terminal linear scoring function
2024,D6_ARM_002,baseline,notcov_a,-2.5821995683289694,-3.1938991854112078,0.9788526736262629,0.9169266770670826,-3.126356756932504,-2.9285713669663607,0.1977853899661432,True,True,representation_reparameterized,False,descriptive decomposition of the fitted terminal linear scoring function
2024,D6_ARM_002,baseline,phstat_a,-2.5821995683289694,2.149539913824539,0.5741331274546004,0.641640665626625,1.2341220733125748,1.3792322210973753,0.14511014778480053,True,True,shared_feature_same_name,False,descriptive decomposition of the fitted terminal linear scoring function
2024,D6_ARM_002,baseline,hypev_a,-2.5821995683289694,0.058790910386622534,0.8723439965090128,0.8862454498179928,0.051285897725069536,0.052103176820801594,0.0008172790957320582,True,True,representation_reparameterized,False,descriptive decomposition of the fitted terminal linear scoring function
2024,D6_ARM_002,baseline,chlev_a,-2.5821995683289694,0.19950141048935044,0.8852114173184293,0.8989859594383776,0.17660092633630367,0.1793489669180783,0.002748040581774637,True,True,shared_feature_same_name,False,descriptive decomposition of the fitted terminal linear scoring function
2024,D6_ARM_002,baseline,dibev_a,-2.5821995683289694,0.22034398915116915,0.9613082250791625,0.9625585023400937,0.21181848911777265,0.21209398019699122,0.00027549107921857505,True,True,shared_feature_same_name,False,descriptive decomposition of the fitted terminal linear scoring function
2024,D6_ARM_002,baseline,asev_a,-2.5821995683289694,-0.5427267150155931,0.9518422789880614,0.9288871554862194,-0.5165902332881462,-0.5041318745172143,0.012458358770931965,True,True,representation_reparameterized,False,descriptive decomposition of the fitted terminal linear scoring function
2024,D6_ARM_002,baseline,visiondf_a,-2.5821995683289694,1.9299933572697217,0.44011949917760407,0.4687207488299533,0.8494277098176526,0.9046279316562995,0.055200221838646944,True,True,shared_feature_same_name,False,descriptive decomposition of the fitted terminal linear scoring function
2024,D6_ARM_002,baseline,hearingdf_a,-2.5821995683289694,0.8156321507428345,0.4400792185559398,0.44773790951638065,0.3589427595280071,0.36518943410794613,0.006246674579939084,True,True,shared_feature_same_name,False,descriptive decomposition of the fitted terminal linear scoring function
2024,D6_ARM_002,baseline,diff_a,-2.5821995683289694,0.8547027802978361,0.460776744654426,0.47371294851794066,0.39382716475272395,0.40488377416136956,0.011056609408645609,True,True,shared_feature_same_name,False,descriptive decomposition of the fitted terminal linear scoring function
2024,D6_ARM_002,baseline,comdiff_a,-2.5821995683289694,0.0908617772865303,0.41243999865731273,0.41996879875195003,0.03747503130205761,0.03815911145949135,0.0006840801574337427,True,True,shared_feature_same_name,False,descriptive decomposition of the fitted terminal linear scoring function
2024,D6_ARM_002,baseline,uppslfcr_a,-2.5821995683289694,-1.1088840418841346,0.41290993924339575,0.41989079563182524,-0.4578692423623491,-0.4656102026101635,-0.007740960247814376,True,True,shared_feature_same_name,False,descriptive decomposition of the fitted terminal linear scoring function
2024,D6_ARM_002,baseline,cogmemdff_a,-2.5821995683289694,1.6446785096550207,0.45240508878520364,0.49336973478939156,0.7440609271835961,0.8114346001223093,0.06737367293871328,True,True,shared_feature_same_name,False,descriptive decomposition of the fitted terminal linear scoring function
2024,D6_ARM_002,baseline,usualpl_a,-2.5821995683289694,1.6554266559896156,0.5296566077003122,0.5559672386895476,0.8768076669081315,0.9203629867836182,0.043555319875486644,True,True,shared_feature_same_name,False,descriptive decomposition of the fitted terminal linear scoring function
2024,D6_ARM_002,fairbias,agep_a,-7.177373633052951,-3.9422168766450065,0.14441277137742434,0.04047691074337559,-0.5693064645271592,-0.15956876064698883,0.40973770388017033,True,True,representation_reparameterized,False,descriptive decomposition of the fitted terminal linear scoring function
2024,D6_ARM_002,fairbias,educp_a,-7.177373633052951,-0.33303046881964343,0.632091449217427,0.6121117571975606,-0.21050571166976756,-0.20385186546951936,0.006653846200248189,True,True,shared_feature_same_name,False,descriptive decomposition of the fitted terminal linear scoring function
2024,D6_ARM_002,fairbias,pcntlt18tc,-7.177373633052951,-0.010392820316551643,0.07972703662677146,0.1021263072745132,-0.0008285887660331673,-0.0010613803610969566,-0.00023279159506378933,True,True,representation_reparameterized,False,descriptive decomposition of the fitted terminal linear scoring function
2024,D6_ARM_002,fairbias,ratcat_a,-7.177373633052951,-0.9032515389729838,0.6767325185975115,0.5751830073202929,-0.6112596888962657,-0.5195349365531636,0.09172475234310204,True,True,shared_feature_same_name,False,descriptive decomposition of the fitted terminal linear scoring function
2024,D6_ARM_002,fairbias,empwrklsw1_a,-7.177373633052951,-0.42936168241925515,0.9700245040448457,0.9715288611544461,-0.41649135304459856,-0.41713726634413595,-0.0006459132995373938,True,True,representation_reparameterized,False,descriptive decomposition of the fitted terminal linear scoring function
2024,D6_ARM_002,fairbias,empwrkft1_a,-7.177373633052951,0.4851477254962971,0.754464435567789,0.7636505460218409,0.3660267048835604,0.3704833254765015,0.004456620592941052,True,True,representation_reparameterized,False,descriptive decomposition of the fitted terminal linear scoring function
2024,D6_ARM_002,fairbias,notcov_a,-7.177373633052951,1.1286911895360299,0.9976502970695847,0.9968798751950078,1.126039100540443,1.1251695321583823,-0.0008695683820608781,True,True,representation_reparameterized,False,descriptive decomposition of the fitted terminal linear scoring function
2024,D6_ARM_002,fairbias,phstat_a,-7.177373633052951,1.7386588827494276,0.5741331274546004,0.641640665626625,0.9982216619296503,1.115594242824987,0.11737258089533661,True,True,shared_feature_same_name,False,descriptive decomposition of the fitted terminal linear scoring function
2024,D6_ARM_002,fairbias,hypev_a,-7.177373633052951,-0.5514054560453532,0.9986908797959115,0.9976599063962559,-0.5506836000221996,-0.5501151156645918,0.0005684843576077422,True,True,representation_reparameterized,False,descriptive decomposition of the fitted terminal linear scoring function
2024,D6_ARM_002,fairbias,chlev_a,-7.177373633052951,0.6691714206179167,0.8852114173184293,0.8989859594383776,0.5923581816741729,0.6015757115929399,0.009217529918767078,True,True,shared_feature_same_name,False,descriptive decomposition of the fitted terminal linear scoring function
2024,D6_ARM_002,fairbias,dibev_a,-7.177373633052951,0.448835906360469,0.9613082250791625,0.9625585023400937,0.4314696484951796,0.43203081782279157,0.0005611693276119341,True,True,shared_feature_same_name,False,descriptive decomposition of the fitted terminal linear scoring function
2024,D6_ARM_002,fairbias,asev_a,-7.177373633052951,-0.35873549896107054,0.9991608203819946,0.999219968798752,-0.3584344554420874,-0.3584556740788856,-2.121863679820878e-05,True,True,representation_reparameterized,False,descriptive decomposition of the fitted terminal linear scoring function
2024,D6_ARM_002,fairbias,visiondf_a,-7.177373633052951,1.6610267490927502,0.44011949917760407,0.4687207488299533,0.731050260931305,0.7785577016613368,0.04750744073003178,True,True,shared_feature_same_name,False,descriptive decomposition of the fitted terminal linear scoring function
2024,D6_ARM_002,fairbias,hearingdf_a,-7.177373633052951,0.9225514561071504,0.4400792185559398,0.44773790951638065,0.40599572388127914,0.4130612603787085,0.007065536497429387,True,True,shared_feature_same_name,False,descriptive decomposition of the fitted terminal linear scoring function
2024,D6_ARM_002,fairbias,diff_a,-7.177373633052951,0.45986518189248854,0.460776744654426,0.47371294851794066,0.21189518149233635,0.21784409123502985,0.005948909742693493,True,True,shared_feature_same_name,False,descriptive decomposition of the fitted terminal linear scoring function
2024,D6_ARM_002,fairbias,comdiff_a,-7.177373633052951,0.3845168044928755,0.41243999865731273,0.41996879875195003,0.15859011032875575,0.16148506048281136,0.0028949501540555932,True,True,shared_feature_same_name,False,descriptive decomposition of the fitted terminal linear scoring function
2024,D6_ARM_002,fairbias,uppslfcr_a,-7.177373633052951,-0.6673499402632816,0.41290993924339575,0.41989079563182524,-0.27555542328819543,-0.28021409738200037,-0.004658674093804969,True,True,shared_feature_same_name,False,descriptive decomposition of the fitted terminal linear scoring function
2024,D6_ARM_002,fairbias,cogmemdff_a,-7.177373633052951,1.6963495677757772,0.45240508878520364,0.49336973478939156,0.7674371768203423,0.8369275363636342,0.0694903595432919,True,True,shared_feature_same_name,False,descriptive decomposition of the fitted terminal linear scoring function
2024,D6_ARM_002,fairbias,usualpl_a,-7.177373633052951,2.3328844028503846,0.5296566077003122,0.5559672386895476,1.2356276389707033,1.2970072996346425,0.06137966066393916,True,True,shared_feature_same_name,False,descriptive decomposition of the fitted terminal linear scoring function
2024,D6_ARM_002,fairbias,region,-7.177373633052951,,,,,,,True,False,dropped_from_fairbias_representation,True,descriptive decomposition of the fitted terminal linear scoring function
2024,D6_ARM_002,fairbias,pcnt18uptc,-7.177373633052951,,,,,,,True,False,dropped_from_fairbias_representation,True,descriptive decomposition of the fitted terminal linear scoring function
2024,D6_ARM_003,baseline,agep_a,-2.6960220624758504,-1.4092949780622133,0.5383530135566336,0.4096353969520326,-0.7586981984300223,-0.5772971077610208,0.18140109066900148,True,True,representation_reparameterized,False,descriptive decomposition of the fitted terminal linear scoring function
2024,D6_ARM_003,baseline,educp_a,-2.6960220624758504,-0.05199438145263097,0.632091449217427,0.6123505834781684,-0.03286520392355721,-0.03183878982010503,0.0010264141034521852,True,True,shared_feature_same_name,False,descriptive decomposition of the fitted terminal linear scoring function
2024,D6_ARM_003,baseline,region,-2.6960220624758504,0.2409833799710506,0.5659203562597206,0.5875926648458838,0.13637740024588857,0.1416000664207578,0.005222666174869229,True,True,shared_feature_same_name,False,descriptive decomposition of the fitted terminal linear scoring function
2024,D6_ARM_003,baseline,pcnt18uptc,-2.6960220624758504,-0.22710284871613312,0.39181296364673895,0.3817791650409676,-0.08898184020808513,-0.08670313596127048,0.0022787042468146407,True,True,shared_feature_same_name,False,descriptive decomposition of the fitted terminal linear scoring function
2024,D6_ARM_003,baseline,pcntlt18tc,-2.6960220624758504,-0.002120683805941428,0.14267172412249784,0.1805176225777084,-0.0003025616149123242,-0.00038282079888759293,-8.025918397526873e-05,True,True,shared_feature_same_name,False,descriptive decomposition of the fitted terminal linear scoring function
2024,D6_ARM_003,baseline,ratcat_a,-2.6960220624758504,-0.8253828809702561,0.6767325185975115,0.5752873735706355,-0.5585634358462714,-0.47483234978354316,0.08373108606272833,True,True,shared_feature_same_name,False,descriptive decomposition of the fitted terminal linear scoring function
2024,D6_ARM_003,baseline,empwrklsw1_a,-2.6960220624758504,-0.5258949578865723,0.7875980441520368,0.7456106125634022,-0.4141938402608821,-0.39211286169381177,0.02208097856707033,True,True,representation_reparameterized,False,descriptive decomposition of the fitted terminal linear scoring function
2024,D6_ARM_003,baseline,empwrkft1_a,-2.6960220624758504,0.615967818691764,0.5430918733845792,0.6174404994147483,0.33452711659792295,0.3803234775964559,0.04579636099853297,True,True,representation_reparameterized,False,descriptive decomposition of the fitted terminal linear scoring function
2024,D6_ARM_003,baseline,notcov_a,-2.6960220624758504,-3.191861883307941,0.9788526736262629,0.9172844323058915,-3.1243625383217366,-2.9278452156289383,0.1965173226927985,True,True,shared_feature_same_name,False,descriptive decomposition of the fitted terminal linear scoring function
2024,D6_ARM_003,baseline,phstat_a,-2.6960220624758504,2.1507581226467587,0.5741331274546004,0.64156587332553,1.2348214873535686,1.379853013267845,0.14503152591427632,True,True,shared_feature_same_name,False,descriptive decomposition of the fitted terminal linear scoring function
2024,D6_ARM_003,baseline,hypev_a,-2.6960220624758504,0.08243459115216477,0.8723439965090128,0.8865912342307193,0.07191132069626592,0.07308578591290249,0.00117446521663657,True,True,representation_reparameterized,False,descriptive decomposition of the fitted terminal linear scoring function
2024,D6_ARM_003,baseline,chlev_a,-2.6960220624758504,0.21212981953598284,0.8852114173184293,0.8989465470152166,0.18777973820695001,0.19069336879083282,0.0029136305838827984,True,True,shared_feature_same_name,False,descriptive decomposition of the fitted terminal linear scoring function
2024,D6_ARM_003,baseline,dibev_a,-2.6960220624758504,0.26160295020870045,0.9613082250791625,0.962543893874366,0.25148106774059836,0.2518043223429044,0.0003232546023060758,True,True,shared_feature_same_name,False,descriptive decomposition of the fitted terminal linear scoring function
2024,D6_ARM_003,baseline,asev_a,-2.6960220624758504,-0.5153827514354394,0.9518422789880614,0.9288594095461048,-0.49056309267744624,-0.4787181181885692,0.011844974488877075,True,True,shared_feature_same_name,False,descriptive decomposition of the fitted terminal linear scoring function
2024,D6_ARM_003,baseline,visiondf_a,-2.6960220624758504,1.9024803680442846,0.44011949917760407,0.468903628560281,0.8373187067788744,0.8920799478406639,0.05476124106178953,True,True,shared_feature_same_name,False,descriptive decomposition of the fitted terminal linear scoring function
2024,D6_ARM_003,baseline,hearingdf_a,-2.6960220624758504,0.8158038804515182,0.4400792185559398,0.4479126024190402,0.35901833420400747,0.36540883915659106,0.0063905049525836075,True,True,shared_feature_same_name,False,descriptive decomposition of the fitted terminal linear scoring function
2024,D6_ARM_003,baseline,diff_a,-2.6960220624758504,0.8886425779384457,0.460776744654426,0.47389777604369876,0.409465834223794,0.42112574138276865,0.011659907158974634,True,True,representation_reparameterized,False,descriptive decomposition of the fitted terminal linear scoring function
2024,D6_ARM_003,baseline,comdiff_a,-2.6960220624758504,0.14200144220879574,0.41243999865731273,0.4201326570425283,0.05856707463393219,0.05965944321905238,0.0010923685851201932,True,True,shared_feature_same_name,False,descriptive decomposition of the fitted terminal linear scoring function
2024,D6_ARM_003,baseline,uppslfcr_a,-2.6960220624758504,-1.0835875159573363,0.41290993924339575,0.42005462348809985,-0.44742405537884583,-0.4551659460318643,-0.007741890653018436,True,True,shared_feature_same_name,False,descriptive decomposition of the fitted terminal linear scoring function
2024,D6_ARM_003,baseline,cogmemdff_a,-2.6960220624758504,1.6295520807139579,0.45240508878520364,0.49356223175965663,0.7372176537555114,0.8042853617257731,0.06706770797026174,True,True,representation_reparameterized,False,descriptive decomposition of the fitted terminal linear scoring function
2024,D6_ARM_003,baseline,usualpl_a,-2.6960220624758504,1.6773939186568052,0.5296566077003122,0.5559890753023801,0.8884427727328968,0.9326126937518329,0.044169921018935986,True,True,shared_feature_same_name,False,descriptive decomposition of the fitted terminal linear scoring function
2024,D6_ARM_003,fairbias,agep_a,-2.767761815382125,-1.3828270852269364,0.6452411397320564,0.5366520968485382,-0.892256924524186,-0.7420970548659876,0.1501598696581983,True,True,representation_reparameterized,False,descriptive decomposition of the fitted terminal linear scoring function
2024,D6_ARM_003,fairbias,educp_a,-2.767761815382125,0.011863854696808635,0.632091449217427,0.6123505834781684,0.007499041108610748,0.0072648383458909765,-0.00023420276271977176,True,True,shared_feature_same_name,False,descriptive decomposition of the fitted terminal linear scoring function
2024,D6_ARM_003,fairbias,region,-2.767761815382125,0.24867748843923568,0.5659203562597206,0.5875926648458838,0.14073165285130482,0.14612106811919195,0.005389415267887148,True,True,shared_feature_same_name,False,descriptive decomposition of the fitted terminal linear scoring function
2024,D6_ARM_003,fairbias,pcnt18uptc,-2.767761815382125,-0.24737277212472597,0.39181296364673895,0.3817791650409676,-0.09692385897169829,-0.09444177039564743,0.002482088576050872,True,True,shared_feature_same_name,False,descriptive decomposition of the fitted terminal linear scoring function
2024,D6_ARM_003,fairbias,pcntlt18tc,-2.767761815382125,0.1376796667975834,0.14267172412249784,0.1805176225777084,0.019642995438622246,0.02485360612759081,0.005210610688968565,True,True,shared_feature_same_name,False,descriptive decomposition of the fitted terminal linear scoring function
2024,D6_ARM_003,fairbias,ratcat_a,-2.767761815382125,-0.6632308414705944,0.6767325185975115,0.5752873735706355,-0.4488298777599422,-0.3815483288606608,0.06728154889928142,True,True,shared_feature_same_name,False,descriptive decomposition of the fitted terminal linear scoring function
2024,D6_ARM_003,fairbias,empwrklsw1_a,-2.767761815382125,-0.3100651485680198,0.9700245040448457,0.9719079204057745,-0.3007707919612848,-0.30135477373505165,-0.0005839817737667974,True,True,representation_reparameterized,False,descriptive decomposition of the fitted terminal linear scoring function
2024,D6_ARM_003,fairbias,empwrkft1_a,-2.767761815382125,0.3994769788579303,0.754464435567789,0.7639484978540773,0.30139117337637394,0.30517983792580083,0.00378866454942688,True,True,representation_reparameterized,False,descriptive decomposition of the fitted terminal linear scoring function
2024,D6_ARM_003,fairbias,notcov_a,-2.767761815382125,-3.273014871136885,0.9788526736262629,0.9172844323058915,-3.2037993574308583,-3.0022855879995385,0.2015137694313201,True,True,shared_feature_same_name,False,descriptive decomposition of the fitted terminal linear scoring function
2024,D6_ARM_003,fairbias,phstat_a,-2.767761815382125,2.1697759001565595,0.5741331274546004,0.64156587332553,1.2457402234325063,1.392054170304631,0.1463139468721246,True,True,shared_feature_same_name,False,descriptive decomposition of the fitted terminal linear scoring function
2024,D6_ARM_003,fairbias,hypev_a,-2.767761815382125,-0.16137200928749884,0.9986908797959115,0.9980491611392899,-0.16116075392976623,-0.16105719850074993,0.00010355542901631169,True,True,representation_reparameterized,False,descriptive decomposition of the fitted terminal linear scoring function
2024,D6_ARM_003,fairbias,chlev_a,-2.767761815382125,0.33971761549744844,0.8852114173184293,0.8989465470152166,0.30072191190253356,0.3053879774116743,0.004666065509140757,True,True,shared_feature_same_name,False,descriptive decomposition of the fitted terminal linear scoring function
2024,D6_ARM_003,fairbias,dibev_a,-2.767761815382125,0.379696081276989,0.9613082250791625,0.962543893874366,0.3650049659618957,0.36547414456119076,0.0004691785992950414,True,True,shared_feature_same_name,False,descriptive decomposition of the fitted terminal linear scoring function
2024,D6_ARM_003,fairbias,asev_a,-2.767761815382125,-0.6280997465152183,0.9518422789880614,0.9288594095461048,-0.5978518941548691,-0.5834163596841837,0.014435534470685296,True,True,shared_feature_same_name,False,descriptive decomposition of the fitted terminal linear scoring function
2024,D6_ARM_003,fairbias,visiondf_a,-2.767761815382125,1.974508086734494,0.44011949917760407,0.468903628560281,0.8690195102557147,0.9258540064914222,0.05683449623570757,True,True,shared_feature_same_name,False,descriptive decomposition of the fitted terminal linear scoring function
2024,D6_ARM_003,fairbias,hearingdf_a,-2.767761815382125,0.7060967918006555,0.4400792185559398,0.4479126024190402,0.3107385243604886,0.31626965157516684,0.005531127214678216,True,True,shared_feature_same_name,False,descriptive decomposition of the fitted terminal linear scoring function
2024,D6_ARM_003,fairbias,diff_a,-2.767761815382125,0.4850925598558552,0.43902520895572494,0.4428404213811939,0.21296786245358434,0.21481859361544894,0.0018507311618645992,True,True,representation_reparameterized,False,descriptive decomposition of the fitted terminal linear scoring function
2024,D6_ARM_003,fairbias,comdiff_a,-2.767761815382125,0.6823293659011155,0.41243999865731273,0.4201326570425283,0.2814199227561011,0.28666884947417914,0.005248926718078022,True,True,shared_feature_same_name,False,descriptive decomposition of the fitted terminal linear scoring function
2024,D6_ARM_003,fairbias,uppslfcr_a,-2.767761815382125,-0.6732356360174894,0.41290993924339575,0.42005462348809985,-0.27798568556447045,-0.28279574160609794,-0.004810056041627502,True,True,shared_feature_same_name,False,descriptive decomposition of the fitted terminal linear scoring function
2024,D6_ARM_003,fairbias,cogmemdff_a,-2.767761815382125,1.6240055824929973,0.4421335302608171,0.4667186890362857,0.7180273213509035,0.7579537564487413,0.039926435097837755,True,True,representation_reparameterized,False,descriptive decomposition of the fitted terminal linear scoring function
2024,D6_ARM_003,fairbias,usualpl_a,-2.767761815382125,1.7538532171179722,0.5296566077003122,0.5559890753023801,0.9289399453829843,0.9751232284015258,0.0461832830185415,True,True,shared_feature_same_name,False,descriptive decomposition of the fitted terminal linear scoring function
2024,D6_ARM_004,baseline,agep_a,-0.32554798207685065,-1.2827138429585958,0.5383530135566336,0.4096353969520326,-0.6905528628875705,-0.5254449942362116,0.16510786865135885,True,False,representation_reparameterized,False,descriptive decomposition of the fitted terminal linear scoring function
2024,D6_ARM_004,baseline,educp_a,-0.32554798207685065,-0.08781567688310245,0.632091449217427,0.6123505834781684,-0.05550753846504953,-0.05377398097789809,0.0017335574871514402,True,True,shared_feature_same_name,False,descriptive decomposition of the fitted terminal linear scoring function
2024,D6_ARM_004,baseline,region,-0.32554798207685065,0.266176379108538,0.5659203562597206,0.5875926648458838,0.15063463129302626,0.15640328791941405,0.005768656626387799,True,True,shared_feature_same_name,False,descriptive decomposition of the fitted terminal linear scoring function
2024,D6_ARM_004,baseline,pcnt18uptc,-0.32554798207685065,-0.24165355608799566,0.39181296364673895,0.3817791650409676,-0.09468299598661103,-0.09225829287245561,0.002424703114155422,True,True,shared_feature_same_name,False,descriptive decomposition of the fitted terminal linear scoring function
2024,D6_ARM_004,baseline,pcntlt18tc,-0.32554798207685065,-0.07173974514199863,0.14267172412249784,0.1805176225777084,-0.010235233127517533,-0.012950288237364297,-0.0027150551098467646,True,True,representation_reparameterized,False,descriptive decomposition of the fitted terminal linear scoring function
2024,D6_ARM_004,baseline,ratcat_a,-0.32554798207685065,-0.9194463781711607,0.6767325185975115,0.5752873735706355,-0.6222192632151295,-0.5289458920371204,0.09327337117800924,True,True,shared_feature_same_name,False,descriptive decomposition of the fitted terminal linear scoring function
2024,D6_ARM_004,baseline,empwrklsw1_a,-0.32554798207685065,-0.42931524864445647,0.7875980441520368,0.7456106125634022,-0.3381278501570193,-0.32010200552460255,0.01802584463241677,True,True,representation_reparameterized,False,descriptive decomposition of the fitted terminal linear scoring function
2024,D6_ARM_004,baseline,empwrkft1_a,-0.32554798207685065,0.5292439850715911,0.5430918733845792,0.6174404994147483,0.2874281073300507,0.3267766704548548,0.039348563124804135,True,True,representation_reparameterized,False,descriptive decomposition of the fitted terminal linear scoring function
2024,D6_ARM_004,baseline,notcov_a,-0.32554798207685065,-3.178282037617721,0.9788526736262629,0.9172844323058915,-3.111069870060433,-2.9153886345841835,0.19568123547624966,True,True,shared_feature_same_name,False,descriptive decomposition of the fitted terminal linear scoring function
2024,D6_ARM_004,baseline,phstat_a,-0.32554798207685065,2.7074381354157686,0.5741331274546004,0.64156587332553,1.5544299240761073,1.736999911822862,0.18256998774675476,True,True,representation_reparameterized,False,descriptive decomposition of the fitted terminal linear scoring function
2024,D6_ARM_004,baseline,hypev_a,-0.32554798207685065,-0.015355370429584096,0.8723439965090128,0.8865912342307193,-0.013395165208419707,-0.013613936821234855,-0.00021877161281514616,True,True,representation_reparameterized,False,descriptive decomposition of the fitted terminal linear scoring function
2024,D6_ARM_004,baseline,chlev_a,-0.32554798207685065,0.028355505475386802,0.8852114173184293,0.8989465470152166,0.025100617190647635,0.025490083735970035,0.00038946654532239877,True,True,representation_reparameterized,False,descriptive decomposition of the fitted terminal linear scoring function
2024,D6_ARM_004,baseline,dibev_a,-0.32554798207685065,0.05607576545075598,0.9613082250791625,0.962543893874366,0.053906094555421655,0.053975385628956304,6.929107353465178e-05,True,True,representation_reparameterized,False,descriptive decomposition of the fitted terminal linear scoring function
2024,D6_ARM_004,baseline,asev_a,-0.32554798207685065,-0.7698761152359231,0.9518422789880614,0.9288594095461048,-0.7328006360646364,-0.7151066738216885,0.017693962242947954,True,True,shared_feature_same_name,False,descriptive decomposition of the fitted terminal linear scoring function
2024,D6_ARM_004,baseline,usualpl_a,-0.32554798207685065,1.6179945543870025,0.5296566077003122,0.5559890753023801,0.8569815069541981,0.899587296137916,0.042605789183717976,True,True,shared_feature_same_name,False,descriptive decomposition of the fitted terminal linear scoring function
2024,D6_ARM_004,fairbias,educp_a,0.07771434752878432,-0.15167782057687734,0.632091449217427,0.6123505834781684,-0.09587425342257927,-0.09288000193094778,0.00299425149163149,True,True,shared_feature_same_name,False,descriptive decomposition of the fitted terminal linear scoring function
2024,D6_ARM_004,fairbias,region,0.07771434752878432,0.2841988461916283,0.5659203562597206,0.5875926648458838,0.1608339122853678,0.1669931573798643,0.006159245094496501,True,True,shared_feature_same_name,False,descriptive decomposition of the fitted terminal linear scoring function
2024,D6_ARM_004,fairbias,pcnt18uptc,0.07771434752878432,-0.056552013073862276,0.39181296364673895,0.3817791650409676,-0.022157811842659105,-0.021590380332725024,0.000567431509934083,True,True,shared_feature_same_name,False,descriptive decomposition of the fitted terminal linear scoring function
2024,D6_ARM_004,fairbias,pcntlt18tc,0.07771434752878432,0.0604569491875026,0.07972703662677146,0.10216615366829959,0.004820053402214881,0.006176653961006971,0.0013566005587920902,True,True,representation_reparameterized,False,descriptive decomposition of the fitted terminal linear scoring function
2024,D6_ARM_004,fairbias,ratcat_a,0.07771434752878432,-1.13875362603502,0.6767325185975115,0.5752873735706355,-0.7706316094087278,-0.6551105826657243,0.11552102674300348,True,True,shared_feature_same_name,False,descriptive decomposition of the fitted terminal linear scoring function
2024,D6_ARM_004,fairbias,empwrklsw1_a,0.07771434752878432,-0.2613698815693852,0.9700245040448457,0.9719079204057745,-0.25353518974160294,-0.2540274580528047,-0.0004922683112017774,True,True,representation_reparameterized,False,descriptive decomposition of the fitted terminal linear scoring function
2024,D6_ARM_004,fairbias,empwrkft1_a,0.07771434752878432,0.2622073791679064,0.754464435567789,0.7639484978540773,0.1978261423256237,0.20031293344157655,0.0024867911159528336,True,True,representation_reparameterized,False,descriptive decomposition of the fitted terminal linear scoring function
2024,D6_ARM_004,fairbias,notcov_a,0.07771434752878432,-3.2966774292545873,0.9788526736262629,0.9172844323058915,-3.226961515709208,-3.02399088418944,0.2029706315197681,True,True,shared_feature_same_name,False,descriptive decomposition of the fitted terminal linear scoring function
2024,D6_ARM_004,fairbias,phstat_a,0.07771434752878432,0.48800088668900055,0.7671108724111309,0.7912602419040188,0.3743507859254046,0.3861356996509142,0.011784913725509608,True,True,representation_reparameterized,False,descriptive decomposition of the fitted terminal linear scoring function
2024,D6_ARM_004,fairbias,hypev_a,0.07771434752878432,0.22027706104195505,0.9986908797959115,0.9980491611392899,0.2199886918908478,0.2198473359911514,-0.00014135589969641062,True,True,representation_reparameterized,False,descriptive decomposition of the fitted terminal linear scoring function
2024,D6_ARM_004,fairbias,chlev_a,0.07771434752878432,0.40644511116015036,0.9972474908529422,0.9960983222785798,0.40532636727390514,0.4048592933249566,-0.0004670739489484872,True,True,representation_reparameterized,False,descriptive decomposition of the fitted terminal linear scoring function
2024,D6_ARM_004,fairbias,dibev_a,0.07771434752878432,0.1164023904186169,0.999227954751435,0.999219664455716,0.11631252250617259,0.11631155749593362,-9.650102389719379e-07,True,True,representation_reparameterized,False,descriptive decomposition of the fitted terminal linear scoring function
2024,D6_ARM_004,fairbias,asev_a,0.07771434752878432,-1.2405522136876,0.9518422789880614,0.9288594095461048,-1.1808100462800897,-1.1522985967169772,0.028511449563112353,True,True,shared_feature_same_name,False,descriptive decomposition of the fitted terminal linear scoring function
2024,D6_ARM_004,fairbias,usualpl_a,0.07771434752878432,2.046530226451969,0.5296566077003122,0.5559890753023801,1.0839582572987017,1.1378484481834006,0.05389019088469908,True,True,shared_feature_same_name,False,descriptive decomposition of the fitted terminal linear scoring function
2024,D6_ARM_004,fairbias,agep_a,0.07771434752878432,,,,,,,True,False,dropped_from_fairbias_representation,True,descriptive decomposition of the fitted terminal linear scoring function
